name_id,company_id,name_name,name_effectivedate
1,1,SYMBOLIC EXCEL SDN. BHD. ,1999-09-13
5,2,2T RAIL SYSTEM SDN. BHD.,2006-10-10
6,2,10 LINGKUNGAN SDN. BHD.,2007-06-26
7,3,3H TECH SDN.BHD,2014-10-14
8,4,ACE CSR SDN.BHD,2009-07-02
9,4,OPINION TIGER SDN.BHD,2009-07-02
10,4,OPINION TIGER SDN.BHD,2009-07-02
11,4,ACE CSR SDN.BHD,2013-09-02
12,5,ACE CSR SDN.BHD,2009-07-02
13,5,OPINION TIGER SDN.BHD,2009-07-02
14,6,ACE CSR SDN.BHD,2009-07-02
15,6,OPINION TIGER SDN.BHD,2009-07-02
16,7,OPINION TIGER SDN.BHD,2009-07-02
17,7,ACE CSR SDN.BHD,2013-09-02
18,8,ACH DESIGN SDN.BHD,2013-10-29
19,9,ACRO ASCENT ENGINEERING SDN.BHD.,2016-06-03
20,10,"",2008-11-13
21,11,ACRO AVENUE ENGINEERING SDN. BHD.,2008-11-13
22,12,ACRO AVENUE SDN. BHD.,2008-01-31
23,13,AL SAKKAF TRAVEL & TOURS SDN. BHD.,2004-10-22
24,14,SETAREH RESTAURANT SDN.BHD.,2004-10-22
25,14,JAAM-E-JAM HOLIDAY AND TOURS SDN.BHD,2008-11-06
26,14,AL SAKKAF TRAVEL & TOURS SDN. BHD.,2013-03-26
27,15,MERCHANT PIONEER LIMITED,2016-07-28
28,16,MERCHANT PIONEER LIMITED,2016-07-28
29,15,AMPREX INTERNATIONAL LIMITED,2016-10-18
30,17,APURBA TECHNOLOGIES SDN. BHD.,2012-05-30
31,18,APURBA TECHNOLOGIES SDN. BHD.,2012-05-30
32,19,AQUAEFX TECHNIC SDN. BHD.,2012-02-27
33,20,ZINC INTERACTIVE SDN.BHD.,2012-05-14
34,20,ARMOURY VENTURES SDN. BHD.,2017-03-15
35,21,ARVIRICH SDN. BHD.,2008-12-19
36,22,ASKIA SERVICES SDN. BHD.,2013-02-04
37,23,ASPIRE POSITION SDN. BHD.,1999-12-17
38,24,ASTRADEX SDN. BHD.,2002-07-24
39,25,ATA PAINT SDN. BHD.,2008-01-02
40,26,AYU HERBA SDN. BHD.,2016-10-20
41,27,AZMAN ABADI SDN. BHD.,1999-09-22
42,28,BAGUS NIAGA SDN. BHD.,2008-04-01
43,29,BEYOND RESTAURANTS SDN. BHD.,2012-11-21
44,30,BOLD CARRIAGE SDN. BHD.,1996-05-17
45,31,BUSINESSAIMS SDN. BHD.,2004-11-08
46,32,C&G GREEN ENERGY SDN.BHD.,2012-01-20
47,32,C&G PADU SDN.BHD.,2013-05-20
48,33,CABLES & CONTROLS ENGINEERING SDN. BHD.,2003-06-27
49,34,TOPWATER HOLDINGS SDN.BHD,2009-10-08
50,34,CAJUN ASIAN SDN.BHD,2014-03-05
51,35,CCE O&G HOLDINGS SDN. BHD.,2012-04-10
52,36,CCE OIL & GAS (M) SDN. BHD.,2005-08-26
53,37,CCE SAFETY EQUIPMENT (M) SDN. BHD.,2011-09-19
54,38,ELECTRA BROADCAST & COMMUNICATIONS (M) SDN.BHD.,2005-03-03
55,38,CEDAR BROADCAST & COMMUNICATIONS (M) SDN. BHD.,2005-04-11
56,39,CEDAR COMMUNICATIONS (M) SDN. BHD.,2005-06-02
57,40,CENTRAL FORCE INTERNATIONAL SDN. BHD.,1996-08-05
58,41,CENTRAL FORCE SDN. BHD.,1994-10-25
59,42,CHOICE CREATIONS SDN. BHD.,1997-04-04
60,43,CHONG KAIN HUAT HOLDINGS SDN. BHD.,1996-08-05
61,44,CHROME VENTURE SDN. BHD.,2015-07-10
62,45,COMMITCOM SDN. BHD.,2005-07-28
63,46,COMPASSIONATE CAPITAL SDN. BHD.,2002-11-26
64,47,COMPULSORY EVENTS & EXHIBITIONS SDN. BHD.,2006-12-11
65,48,COSMOVATE GROUP SDN. BHD.,2014-11-13
66,49,CREATIVE JUNCTION SDN. BHD.,1996-10-07
67,50,COSTUMES 'N' PARTIES SDN. BHD.,2000-04-05
68,51,CRIMSON EIGHT SDN. BHD.,1999-02-03
69,52,D FORCE SAMPLING SDN. BHD.,2016-04-15
70,53,D&P INNOVATIONS SDN. BHD.,2016-11-17
71,54,D&P PROCESS SERVICES SDN. BHD.,2012-01-17
72,55,DAMANSARA GARDEN CITY SDN. BHD.,2010-04-26
73,56,DELIGHT M & E SDN.BHD.,2014-05-05
74,56,DENAI 23 SDN.BHD.,2015-10-28
75,57,DORSEA PLT,2013-07-25
76,58,DREAM KIDS SDN. BHD.,2008-05-06
77,59,DURIANA INTERNET SDN. BHD.,2014-06-02
78,60,DV AUDIO MALAYSIA SDN. BHD.,2016-06-20
79,61,DV AUDIO MALAYSIA SDN. BHD.,2016-06-20
80,62,E-POWER ENGINEERING SDN. BHD.,2010-01-13
81,63,EASYDO SIGNATURE SDN. BHD.,2013-01-14
82,64,EGM INDUSTRIES SUPPLY SDN. BHD.,2009-12-24
83,65,ELECTRIC ANGELS MSC SDN. BHD.,1998-01-16
84,66,EMA MAJU SDN. BHD.,2011-11-04
85,67,ENE EC AGENCY SABAH SDN. BHD.,2015-04-02
86,68,ENERA COMMUNICATIONS SDN. BHD.,2004-05-25
87,69,ENG GUAN MARKETING SDN. BHD.,2009-01-23
88,70,LAYANG TECHNOLOGIES SDN.BHD.,2003-03-28
89,70,ESOLID SOLUTIONS SDN. BHD.,2008-05-08
90,71,EUROCASH SDN. BHD.,1997-04-09
91,72,EXCEL SOUTHERN ENGINEERING SDN. BHD.,2000-08-22
92,73,EXHIBITION DESIGNERS & BUILDERS SDN. BHD.,1998-10-06
93,73,EXHIBITION DESIGNER & BUILDER SDN. BHD.,1998-12-28
94,74,FABZMAG SDN. BHD.,2014-11-26
95,75,FALCON AGENCY SDN. BHD.,2014-10-27
96,76,IAS GROUP MALAYSIA SDN. BHD.,2010-08-20
97,76,FUSION PAYMENTS MALAYSIA SDN. BHD.,2015-11-09
98,77,FVI SERVICES (M) SDN. BHD.,2017-06-19
99,78,GALAXY ART STUDIO SDN. BHD.,2002-11-05
100,79,GEM SYSTEMS SDN. BHD.,2014-11-19
101,80,GEMILANG THUAN SDN. BHD.,1997-10-11
102,81,GENERON ASIA SDN. BHD.,2014-11-06
103,82,GILDA TRADING SDN. BHD.,2007-12-31
104,83,GLADVIEW DEVELOPMENT SDN. BHD.,2016-08-23
105,84,GNS ASIA SDN. BHD.,2015-02-06
106,85,GOLDEN IMPRESS DEVELOPMENT SDN. BHD.,2015-01-23
107,86,GOOD ANGLE SDN. BHD.,2013-06-12
108,87,GOOD ANGLE SDN. BHD.,2013-06-12
109,88,GOOD ANGLE SDN. BHD.,2013-06-12
110,89,GOOD ANGLE SDN. BHD.,2013-06-12
111,90,GOOD ANGLE SDN. BHD.,2013-06-12
112,91,GOOD ANGLE SDN. BHD.,2013-06-12
113,92,GREATER COMM SDN. BHD.,2017-05-24
114,93,GREATER COMM SDN. BHD.,2017-05-24
115,94,GREATER COMM SDN. BHD.,2017-05-24
116,95,GRIMPS WALLCOVERINGS & CARPETS SDN.BHD.,1999-04-15
117,96,GRIMPS WALLCOVERINGS & CARPETS SDN.BHD.,1999-04-15
118,97,GRIMPS WALLCOVERINGS & CARPETS SDN.BHD.,1999-04-15
119,95,GREEN WATER CARE SDN. BHD.,2017-03-03
120,98,GYNCHU KUALA LUMPUR SDN. BHD.,2016-09-14
123,100,HKS MINERAL RESOURCES SDN. BHD.,2009-12-24
124,101,HUP SOON FOOD INDUSTRY SDN. BHD.,2010-01-08
121,99,HALL CONTRACTING SDN. BHD.,2013-10-18
122,100,REVENUE LINE SDN.BHD.,2005-09-26
125,102,ILHAM HARTANIAGA SDN. BHD.,2014-09-05
126,103,ILLUSION EFFECTS SDN. BHD.,2006-12-14
127,104,JASA MARINE EXPERTISE SDN. BHD.,2011-02-22
128,105,JEJAK PERSONA SDN. BHD.,2010-09-07
129,106,JOYI LINK SDN. BHD.,1999-01-13
130,107,JTMN HOLDINGS SDN. BHD.,2013-03-20
131,108,KAIROS OIL SDN. BHD.,2012-10-18
132,109,KBD MAX ENGINEERING CONSULTANTS SDN. BHD.,2012-10-02
133,110,KHALSA ENTERTAINMENT SDN. BHD.,2017-01-16
134,111,KHAN GROWTH & MARKETING SDN. BHD.,2001-01-22
135,112,KYOWA HEALTHCARE (M) SDN. BHD.,2011-09-21
136,113,SPORTS TOURISM DEVELOPMENT SDN.BHD.,2003-09-16
137,113,LE TOUAREG TRAVEL & TOUR SDN. BHD.,2010-07-29
138,114,LENDINGSTAR MALAYSIA SDN. BHD.,2014-10-20
139,115,LEXAGON ENGINEERING SDN. BHD.,2005-08-10
140,116,LEXIJAYA SDN. BHD.,2008-02-18
141,117,LIVING ACRES SDN. BHD.,2006-03-14
142,118,MA BUILDMART SDN. BHD.,2016-04-29
143,119,MAHA DELIMA HOLDINGS SDN. BHD.,2007-08-31
144,120,MALVALE SDN. BHD.,2006-11-08
145,121,MARIGOLD ACRES SDN. BHD.,2003-01-25
146,122,MARKSCHEFFEL TRAINING SDN. BHD.,2013-11-08
147,123,SELASIH EFEKTIF SDN.BHD,2012-01-05
148,123,MASSARI ASAS SDN. BHD.,2012-04-25
149,124,MATLAMAT ANGGUN SDN. BHD.,1995-07-18
150,125,MAXOP ENERGY SDN. BHD.,2014-06-19
151,126,MEECON ENGINEERING & TRADING SDN. BHD.,2006-06-28
152,127,MEECON EQUIPMENT SDN. BHD.,2014-09-10
153,128,MEECON HEAVY MACHINERY SDN. BHD.,2010-11-26
154,129,MEQAR RESOURCES SDN. BHD.,1999-12-13
155,130,MOTOR JASA ADJUSTERS SDN. BHD.,1979-08-20
156,131,MUTIARA CORPORATION SDN. BHD.,2007-02-22
157,132,DELTA KL GROUP SDN.BHD.,2010-09-23
158,132,MYDORSEA GROUP SDN. BHD.,2014-07-24
159,133,ARDENT HOUSING DEVELOPMENT SDN.BHD.,2012-04-18
160,133,NASSIM DEVELOPMENT SDN. BHD.,2016-06-01
161,134,NATLAY GROUP SDN. BHD.,2013-06-10
162,135,NET COMMUNITY SDN. BHD.,2000-10-25
163,136,NEWFIELDS INVESTMENTS SDN. BHD.,2010-05-18
164,137,NOVA COM HARTA SDN. BHD.,2011-04-06
165,138,NUSA INSPIRASI SDN. BHD.,2016-10-05
166,139,SPECTALINK SDN.BHD.,1996-08-16
167,139,WYNHAM PROPERTY MANAGEMENT CO.SDN.BHD.,2005-08-09
168,139,NEWFIELDS PROPERTY MANAGEMENT SDN. BHD.,2006-11-29
169,140,OCEAN WORKS SDN. BHD.,2006-07-03
170,141,ONE ROOF DESIGN FURNITURE SDN. BHD.,2013-04-26
171,142,ONE ROOF DESIGN SDN. BHD.,2010-04-01
172,143,ONLY DELIGHTS SDN. BHD.,2007-11-22
173,144,OXFORD EDITION SDN. BHD.,2013-04-04
174,145,PACIFIC MAINTENANCE SDN. BHD.,2005-04-14
175,146,PALLADIUM ENGINEERING SDN. BHD.,2015-01-28
176,147,PANORAMA MUTIARA SDN. BHD.,2011-04-15
177,148,PEARL TIME MARKETING SDN. BHD.,2010-01-22
179,149,PEMBINAAN CANGGIH PERKASA SDN. BHD.,2007-10-30
180,150,PEMBINAAN DE BALI SDN. BHD.,2001-05-14
181,151,PEMBINAAN DE BALI SDN. BHD.,2001-05-14
182,152,PEMBINAAN GEMILANG THUAN SDN. BHD.,2008-03-07
183,153,PEOPLE SYSTEMS CONSULTANCY SDN. BHD.,2007-11-29
184,154,POSITIVE UPSTREAM SDN. BHD.,2017-05-02
185,155,PREMIER GREEN SDN. BHD.,2007-03-16
186,156,PRISTINE PRIMAVERA SDN. BHD.,2015-02-18
187,157,PRISTINE PRIMAVERA SDN. BHD.,2015-02-18
188,158,PRATISTA SDN.BHD,2007-08-24
189,159,PRATISTA SDN.BHD,2007-08-24
190,159,PSB RESOURCES SDN. BHD.,2014-03-28
191,160,QUAM VALVOLE SDN. BHD.,2013-11-08
192,161,RDS CATERING SDN. BHD.,2015-10-09
193,162,REGAL OUTLET SDN BHD,2004-07-26
194,163,RETAIL ONE SDN. BHD.,2006-08-18
195,164,SAINTOP DEVELOPMENT SDN. BHD.,2008-01-24
196,165,SAUJANA SETARA SDN. BHD.,2016-03-16
197,166,SCALA BIO INTL SDN. BHD.,2010-04-22
198,167,SEA MOBILE SDN. BHD.,2014-03-24
199,168,SES IT DISTRIBUTION SDN.BHD.,2010-04-01
200,168,SES IT SOLUTIONS SDN. BHD.,2011-04-04
201,169,SOLDERFIELD SYSTEM SDN. BHD.,2008-02-21
202,170,SUMIKAWA SYSTEMS SDN. BHD.,2015-05-28
203,171,S&E HUMAN RESOURCES ADVISORY SDN.BHD.,2008-08-27
204,171,SP ADVANCE SDN. BHD.,2010-12-01
205,172,SALURAN MAYANG SDN. BHD.,1999-05-12
206,173,SUNRISE MEDIA SDN. BHD.,2003-04-10
207,174,SUNRISE MEDIA SDN. BHD.,2003-04-10
208,175,SUNRISE MEDIA SDN. BHD.,2003-04-10
209,176,SUPER MJL BOOM LIFT SDN. BHD.,2015-10-12
210,177,SW HVAC SDN. BHD.,2014-02-21
211,178,SWEET MATRIX SDN. BHD.,2013-09-30
212,179,SWISHHAIR RESOURCES & MANAGEMENT SDN. BHD.,2014-12-17
213,180,TAIHONG MINING SDN. BHD.,2013-07-02
214,181,TECHNISIST SDN. BHD,2016-06-30
215,182,TECHNILON SDN. BHD.,2004-09-24
216,183,TENAGA MAYANG SDN. BHD.,2015-02-27
217,184,TNCENTURY SDN. BHD.,2008-10-09
218,185,TECFORTE SDN. BHD.,2005-02-04
219,186,TEMASEK MAHIR SDN. BHD.,2004-04-12
220,187,SUMIKAWA SDN.BHD.,2003-04-03
221,187,TELEEYE MALAYSIA SDN. BHD.,2013-08-14
222,188,TNSECURE SDN. BHD.,2007-02-12
223,189,TNSYS SDN. BHD.,2013-12-27
224,190,TRISHMAN HOLDING SDN. BHD.,2009-08-13
225,190,TRISHMAN HOLDINGS SDN. BHD.,2011-01-19
226,191,TRUSOS SDN. BHD.,2007-12-12
227,192,UNIVERSAL UNIQUE MANAGEMENT SERVICES SDN. BHD.,2013-12-26
228,193,TUNAS MODAL SDN. BHD.,2007-08-31
229,194,UPRISING MEDIA SDN. BHD.,2014-06-16
230,194,UPRISING ENTERTAINMENT SDN. BHD.,2015-01-13
231,195,VERTOPLAN SOLUTIONS SDN. BHD.,2014-10-23
232,196,VINPAC PLT,2014-09-26
233,197,TRANS NIAGA SDN. BHD.,1999-06-08
234,198,WORTHY MEDIA SDN. BHD.,2009-05-11
235,199,WST CONSTRUCTION SDN. BHD.,2012-12-26
236,200,WIRE FAME ENTERTAINMENT SDN. BHD.,2011-01-04
237,201,WELLNESS CIRCLE SDN. BHD.,2004-06-17
238,202,WMF CRANE SDN. BHD.,2017-04-19
239,203,VM DESIGNS & PROMOTIONS SDN. BHD.,1996-01-24
240,204,A-TEX WORLDWIDE SDN. BHD.,1997-12-02
241,205,ADF FALCON TRADE LINK SDN. BHD.,2014-12-02
242,206,ADVANCE PROMINENT SDN. BHD.,2001-05-21
243,207,ADVANCED SEATING SOLUTIONS SDN. BHD.,2016-11-24
244,208,ADVENTURE CULTURAL TOURS SDN. BHD.,2015-05-15
245,209,ALAM KYMATICA SYNERGY SDN. BHD.,2015-02-18
246,210,ALGORHYTHM (M) SDN. BHD.,2004-04-12
247,211,AO PRODUCTION SDN. BHD.,2016-08-22
248,212,ALIANCE CORPORATION SDN. BHD.,2007-11-26
249,213,AN ACADEMY SDN. BHD.,2012-03-02
250,214,AMAR CARGO & LOGISTIC SDN. BHD.,2009-10-06
251,215,AMAR VENTURES SDN. BHD.,2016-11-04
252,216,ARGENTRA SOLUTIONS SDN. BHD.,2017-08-04
253,217,MIRACLE HEALTHY WATER SDN.BHD.,2014-07-10
254,217,AQUA VITALIS SDN. BHD.,2015-08-04
255,218,AMS PRIMA RESOURCES SDN. BHD.,2015-10-26
256,219,AMAR TRAVEL & TOURS SDN. BHD.,2004-07-28
257,220,ARTAMOTION SDN. BHD.,2013-11-04
258,221,AS WORLD VACATION SDN. BHD.,2012-01-10
259,222,AS1A COMMERCE CHROME SDN. BHD.,2015-03-11
260,223,AS1A STAR ONE CAPITAL SDN. BHD.,2015-03-03
261,224,ASIA PLAYTEC SDN.BHD.,2015-03-11
262,224,AS1A TECHNOLOGY SDN. BHD.,2016-04-28
263,225,AVANTI SETTE SDN. BHD.,2013-11-04
264,226,AXENTEL TECHNOLOGIES SDN. BHD.,2010-07-27
265,227,BEICIP TECHNOLOGY SOLUTIONS ASIA SDN. BHD.,2014-07-07
266,228,BEICIP TECHNOLOGY SOLUTIONS SDN. BHD.,2013-06-12
267,229,BELIMBING RESOURCES SDN. BHD.,2009-03-30
268,230,BAYANGAN DEVELOPMENT SDN. BHD.,2008-09-30
269,231,AWANA POPULAR SDN. BHD.,2001-12-10
270,232,BIG DISCOVERY SDN. BHD.,2011-08-26
271,233,BIG GORILLA GAMES SDN.BHD.,2014-01-21
272,234,BLACK GOLD OILFIELD SERVICES SDN. BHD.,2014-06-20
273,235,BLUE ORANGE RESOURCES SDN. BHD.,2001-08-06
274,236,COMM INDUSTRIES SDN.BHD.,2007-11-07
275,236,BOXLIGHT ASIA SDN. BHD.,2020-02-02
276,237,BOLD MANDATE SDN. BHD.,1994-10-13
277,238,BUILTECH INTERIOR EXTERIOR SDN. BHD.,1995-06-21
278,239,AXIS CONTRACTS SDN. BHD.,1997-09-17
279,240,AXIS CONTRACTS SDN. BHD.,1997-09-17
280,241,AXIS CONTRACTS SDN. BHD.,1997-09-17
281,242,J&S PARADISE SDN. BHD.,2013-06-07
282,243,J&S PARADISE SDN. BHD.,2013-06-07
283,243,BWONDER HOLDING SDN. BHD.,2017-08-14
284,244,MEGATREND DESIGN SDN.BHD.,2010-10-07
285,244,PRIMEDGE SDN.BHD.,2013-11-22
286,244,CALMOAQUA SDN. BHD.,2015-08-26
287,245,CANGKAT MENANG SDN. BHD.,2016-07-18
288,246,CASA PRESTIGE SDN. BHD.,2009-12-31
290,247,CAS TRANSPORT SDN. BHD.,2008-03-28
291,248,BAYANGAN SEPADU SDN. BHD.,1994-06-03
292,249,CENOZAI SDN. BHD.,2017-05-30
293,250,AMBERON SDN. BHD.,1993-02-02
294,251,CASSEROSE AGROFARM SDN. BHD.,2007-04-06
295,252,CAVENZI DESIGN SDN. BHD.,2004-01-05
296,253,SNE EDUCATORS SDN.BHD.,2008-05-06
297,253,TEAKLI SPECIALIST SDN.BHD.,2008-09-08
298,253,CAVENZI FURNITURE OUTLET SDN. BHD.,2009-05-13
299,254,CHARLTON MARTIN CONSULTANTS SDN. BHD.,2007-07-20
300,255,CHEN FAMILY HOLDING SDN. BHD.,2006-06-12
301,256,CL BIZ INTEGRATION SDN. BHD.,2015-10-30
302,257,CIRKOL SDN. BHD.,2017-03-06
303,258,CHILINDO SDN. BHD.,2017-01-03
304,259,DABZEE SDN. BHD.,2013-09-09
305,260,CINE GEAR (M) SDN. BHD.,2007-09-06
306,261,CLICKWORKZ SOLUTIONS SDN. BHD.,2012-01-06
307,262,CHEONG LOONG SEA PRODUCT SDN. BHD.,1999-07-15
308,263,COMMBAX SDN. BHD.,2003-12-10
309,264,COMZ CORPORATION GROUP SDN. BHD.,2007-06-14
310,265,COYUEN SDN. BHD.,2007-03-28
311,266,CORPORATE EYE SDN. BHD.,1998-10-16
312,267,DEKORASI NUSANTARA SDN. BHD.,2008-06-20
313,268,DOWNHOLE PRODUCTS ASIA SDN. BHD.,2009-08-12
314,269,ECRIL RESOURCES SDN. BHD.,2015-10-28
315,270,ECOTRANCH SDN. BHD.,2016-07-15
316,271,DROPIT VENTURES SDN. BHD.,2015-08-24
318,272,EMERY STRATEGIES SDN. BHD.,2016-04-04
319,273,ECOS ATMOSPHERE SDN. BHD.,2012-11-14
320,274,DE ENVISION SIGN SDN. BHD.,2005-06-14
321,275,EAST NET DATA SYSTEM SDN. BHD.,2004-07-23
322,276,ELEGANCE FOOTWEARS SDN. BHD.,2011-06-28
323,277,FAIRLAND TRADING SDN. BHD.,2014-05-12
324,278,OCEANWIDE MANPOWER SERVICES MALAYSIA SDN. BHD.,2014-06-02
325,278,ES PROJECTS SDN. BHD.,2015-04-06
326,279,ESSENTIAL PLASTIC SDN. BHD.,2013-10-29
327,280,ETON CONSULTING SDN. BHD.,2015-04-03
328,281,COMMBOX WORLDWIDE SDN. BHD.,2003-09-26
329,281,COMMPRODUCT HOLDINGS SDN. BHD.,2006-08-01
330,281,COMM INTERNATIONAL SDN. BHD.,2007-08-10
331,281,EOSG INTERNATIONAL SDN. BHD.,2014-08-08
332,282,FISHBONES MST SDN. BHD.,2014-12-04
333,283,FIRST TAMARA SDN. BHD.,2014-09-17
334,284,FAMILY WEALTH VISIONS SDN. BHD.,2017-06-21
335,285,FJC HOLDINGS SDN. BHD.,2011-08-01
336,286,FLEXSERVICE SDN. BHD,2014-06-13
337,287,DELMARCO SDN. BHD.,1994-04-16
338,288,FORELOGIX SDN. BHD.,2016-04-08
339,289,FOREM TRADING SDN. BHD.,2008-04-25
340,290,FREO GROUP MALAYSIA SDN. BHD.,2017-03-01
341,291,FRIDFULL SDN. BHD.,2015-01-28
342,292,FUSION INFOTECH SDN. BHD.,2017-01-11
343,293,FUZIEON CONSTRUCTION HOLDINGS SDN. BHD.,2015-09-07
344,294,GLOBAL I ESSENTIALS RECOVERY SDN. BHD.,2012-11-01
345,295,GLOBAL I EXCEED MANAGEMENT SDN. BHD.,2012-01-11
346,296,GLOBAL ESSENTIAL TRADE BUSINESS SDN. BHD.,2017-08-01
347,297,GLARE GLOBAL ENERGY SDN. BHD.,2015-07-14
348,298,GEGAS MENTARI HOLDINGS SDN. BHD.,2015-03-13
349,299,GEEKYLYTICS SDN. BHD.,2016-03-17
350,300,GARD INC. SDN. BHD.,2008-09-16
351,301,GDBC INFORMATION MALAYSIA SDN. BHD.,2016-05-30
352,302,GLOBAL INTERNATIONAL MIGRATION SDN. BHD.,2014-11-04
353,302,GLOBAL INTERNATIONAL MIGRATION (MM2H) SDN. BHD.,2014-12-01
354,303,GO TOP IT SDN. BHD.,2015-03-02
355,304,AITAGOLD SDN. BHD. ,2011-07-05
356,304,GOLDEN MARKETING SOLUTIONS SDN. BHD.,2016-05-17
357,305,GRAINLAND SDN. BHD.,2016-08-23
358,306,AL AMIN ENGINEERING & CONSTRUCTION SDN. BHD.,2016-06-03
359,306,GREEN ASIA ENGINEERING & CONSTRUCTION SDN. BHD.,2016-06-21
360,307,HARBOURINE SDN. BHD.,2007-05-18
361,308,HARTA BITARA DEVELOPMENT SDN. BHD.,2013-02-13
362,309,HEKTAR SELESA SDN. BHD.,2016-07-22
363,310,HARITS INTERIORS SDN. BHD.,1998-10-05
364,311,G.S. PRODUCTIONS SDN. BHD.,1997-08-28
365,312,GALLERIA HARITS SDN. BHD.,2000-05-13
366,313,I GROW MARKETING SDN. BHD.,2007-12-10
367,314,IABSE MALAYSIA BERHAD,2017-05-08
368,315,IDIFYNETZ SDN. BHD.,2006-06-15
369,316,IMPOSSIBLE MARKETING ACADEMY SDN. BHD.,2015-03-05
370,317,HOUSE CALL MEDIC SDN. BHD.,2015-07-15
371,318,HPHT DRILLING SPECIALISTS PLT,2016-09-09
372,319,HUIJI (MALAYSIA) SDN. BHD.,2010-08-12
373,320,HOGO WORLDWIDE TRADING SDN. BHD.,2013-03-12
374,321,HIMMER INDUSTRIAL SERVICES (M) SDN. BHD.,2016-04-29
375,322,HERBA ANGGUN SDN. BHD.,2010-01-11
376,323,HERITAGE MALAYA CRAFT SDN. BHD.,2016-10-04
377,324,HIGHLAND ENERGY PRODUCTS SDN. BHD.,2004-09-29
378,325,INFINITY HOME FIX SDN. BHD.,2016-07-13
379,326,INFOMACY TECHNOLOGY SDN. BHD.,2006-03-10
380,327,GAMA TAKTIK SDN. BHD.,1994-12-02
381,328,GGS SYSTEMS (M) SDN. BHD.,1995-09-07
382,329,INTERMOBILI MALAYSIA SDN. BHD.,2015-06-02
383,330,IPLUS TECHNOLOGIES SDN. BHD.,2009-08-10
384,331,JAG IDEAS (MALAYSIA) SDN. BHD.,2017-02-08
385,332,JY CAPITAL (M) SDN. BHD.,2011-08-19
386,333,INSPIRE APPLICATIONS & SOLUTIONS SDN. BHD.,2017-05-29
387,333,APTUDE TECHNOLOGY SERVICES SDN. BHD.,2017-10-13
388,334,JY COMMERCE SDN. BHD.,2011-05-30
389,335,JY HOLDINGS SDN. BHD.,2011-06-01
390,336,KAWATEC MALAYSIA SDN. BHD.,2015-12-15
391,337,KEJURUTERAAN GANDA USAHA SDN. BHD.,2013-11-13
392,338,LAB WHITE SDN. BHD.,2016-04-21
393,339,LAMAN PRIMAJAYA SDN. BHD.,2016-08-08
394,340,JS DENKI SDN. BHD.,2004-09-16
395,341,JENSATRIA SDN. BHD.,2003-10-30
396,342,"LEA HIN CO., (PTE) LTD",1960-12-14
397,343,INDUSTRONICS AUTOMATION SDN. BHD.,1996-03-06
398,343,INFINITE ACQUISITIONS SDN. BHD.,2013-07-24
399,344,LEE KOOI SENG POWER CLEAN SDN. BHD.,2009-08-12
400,345,LUXE INTERIOR SDN. BHD.,2015-03-18
401,346,DAZ GARMENTS ADVOCATES SDN. BHD.,2016-02-03
402,346,LYPSINC SDN. BHD.,2016-12-06
403,347,MADCAPT OIL SERVICES SDN. BHD.,2015-09-28
404,348,MAHFUZ PRODUCTION SDN. BHD.,2013-06-10
405,349,LINS COMMUNICATION SDN. BHD.,2009-07-15
406,350,LOY ONN SDN. BHD.,2011-03-24
407,351,LINS ADVERTISING & MARKETING SDN. BHD.,1996-10-10
408,352,MCINTYRE IT SDN. BHD.,2016-08-16
409,353,MBA CREW SDN. BHD.,2011-04-04
410,354,MAYA AKTIF SDN. BHD.,2005-04-06
411,355,MAJESTIC ODYSSEY SDN. BHD.,2016-07-28
412,356,LONGWIN MANAGEMENT SDN. BHD.,2012-09-26
413,357,MARS2OZ SOLUTIONS SDN. BHD.,2010-09-02
414,358,MAJESTIC ADVISORS SDN. BHD.,2015-09-21
415,359,MAHLIGAI PERKASA SDN. BHD.,2005-04-28
416,360,VIBRANT MEDITERRANEAN SDN. BHD.,2009-11-17
417,360,ME MOBILE SDN. BHD.,2011-01-12
418,361,MN BUSINESS REVOLUTION SDN. BHD.,2016-04-13
419,362,MIZZEON TRANSFORMATION SDN. BHD.,2015-09-07
420,363,SMART TEAM PRODUCTION CONSORTIUM SDN. BHD.,2003-09-03
421,363,GT FARM SDN. BHD.,2006-12-23
422,363,MEDISINA CARE SDN.BHD.,2014-05-27
423,364,MESTIKA WARAS SDN. BHD.,2012-03-15
424,365,MIDDLE EAST WOOD SDN. BHD.,2008-04-07
425,366,MIDDLE EAST WOOD TRADING SDN. BHD.,2008-10-22
426,367,DDI TECHNOLOGY (M) SDN. BHD.,2004-06-16
427,367,MSP SERVICES SDN. BHD.,2006-08-02
428,368,MRT PICTURES SDN. BHD.,2000-07-12
429,369,MEGA UNITED PICTURES SDN. BHD.,1994-01-24
430,370,LONGWIN HOLDINGS SDN. BHD.,2014-09-23
431,371,LONGWIN DEVELOPMENT SDN. BHD.,1980-09-09
432,372,NANT ASIA SDN. BHD.,2016-05-05
433,373,NATUCON MALAYSIA SDN. BHD.,2015-07-27
434,374,MTE GLOBAL SDN. BHD.,2016-11-30
435,375,MULTICORE RESOURCES SDN. BHD.,2015-09-23
436,376,MSP SYSTEMS (M) SDN. BHD.,2005-01-25
437,377,NUMBASE MALAYSIA SDN. BHD.,2017-06-21
438,378,MTM TECHNOLOGY SDN. BHD.,2011-06-21
439,379,MVS MARKETING SDN. BHD.,2009-10-29
440,380,MY GLOBAL ENGINEERING SDN. BHD.,2009-01-05
441,381,NEXUS SYMPHONY SDN. BHD.,2009-01-09
442,381,NEXUS HARDWARE SDN. BHD.,2011-04-18
443,382,TEKNIK ILUSI SDN. BHD.,2006-09-20
444,382,NUMES SDN. BHD.,2009-09-11
445,383,NUMSA AVIATION SDN. BHD.,2007-02-02
446,384,NUR ADP SDN. BHD.,2012-11-26
447,385,PACIFIC BUILDING TECHNOLOGIES SDN. BHD.,2017-08-23
448,386,OLIVESTOUCH TECHNOLOGIES SDN. BHD.,2015-05-08
449,387,ORICSON SDN. BHD.,2003-08-28
450,388,PANTHERA MOTION PICTURES SDN. BHD.,2014-09-24
451,389,PARSA INDUSTRY DEVELOPER SDN. BHD.,2016-03-21
452,390,PIYA DEVELOPMENT (M) SDN. BHD.,2015-04-27
453,391,PLAYTOWN SDN. BHD.,2016-01-28
454,392,POWER CLUB ALLIANCE (M) SDN. BHD.,2010-12-22
455,393,PLATINEX SDN. BHD.,2001-03-27
456,394,PITABERRY SDN. BHD.,2013-12-05
457,395,PERNIAGAAN BERATA ALI SDN. BHD.,2001-09-20
458,396,PARK MASTER SDN. BHD.,1992-10-14
459,397,PRIMO MARKETING SDN. BHD.,2014-10-03
460,398,PRISTINE GATEWAY SDN. BHD.,2005-03-22
461,399,PROBASE HOLDING SDN. BHD.,2012-01-13
462,400,PROVEN SYNERGY SDN. BHD.,2011-12-28
463,401,PROWARA HOLDINGS SDN. BHD.,2003-03-10
464,402,PUSAT TUISYEN MERIDIAN SDN. BHD.,2011-02-18
465,403,QAWII MH RESOURCES SDN. BHD.,2013-05-17
466,404,QIC MALAYSIA SDN. BHD.,2013-08-16
467,405,QNETWORKS SOLUTION SDN. BHD.,2014-03-26
468,406,QUALITRED SDN. BHD.,2016-12-08
469,407,REALPACE SERVICES SDN. BHD.,2017-08-07
470,408,RANCANG INDERA SDN. BHD.,2012-02-16
471,409,REDDISH APPLE EMPIRE MALAYSIA SDN. BHD.,2014-06-11
472,410,REZEKI MUDA SDN. BHD.,2013-06-17
473,411,RIZE ASSOCIATES SDN. BHD.,2008-11-19
474,412,REKA INDUK SDN. BHD.,2005-05-03
475,413,LEGACY COLLECTION SDN. BHD.,2002-11-29
476,413,QUIKFRESH SUPPLY SDN. BHD.,2010-10-20
477,414,SEVENTY GC SDN. BHD.,2016-02-24
478,415,SCUBBI SDN. BHD.,2016-11-04
479,416,SCUBAPLEX SDN. BHD.,2015-07-14
480,417,SCHEARAR CONSULTING SDN. BHD.,2016-02-19
481,418,SAWAHIL GLOBAL PROJECTS (M) SDN. BHD.,2013-04-22
482,419,PRO PICTURES SDN. BHD.,2003-03-10
483,420,SF CONTRACTS SDN. BHD.,2015-10-06
484,421,SHINY PARIS SDN. BHD.,2017-03-28
485,422,SHP RESOURCES SDN. BHD.,2015-09-10
486,423,SILVERFOX HOSPITALITY SDN. BHD.,2016-04-01
487,424,SNASCO HOLDING SDN. BHD.,2015-04-07
488,425,SING HO HENG MEDICAL SDN. BHD.,2004-09-14
489,426,SCAN PLUS CORPORATION SDN. BHD.,2001-01-31
490,427,SOCIAL GROOVES SDN. BHD.,2013-07-12
491,428,SOLUTIONS RESEARCH INTERTECH SDN. BHD.,2017-08-18
492,429,SONGGO TECH SDN. BHD.,2014-06-23
493,430,SONGGORITTY (M) SDN. BHD.,2009-11-11
494,431,SPEC OUTLET RETAIL OPTICAL GROUP SDN. BHD.,2015-08-25
495,432,SPEED COMP DISTRIBUTIONS SDN. BHD.,2002-07-18
496,433,SPICE AFFAIR SDN. BHD.,2016-10-25
497,434,SONICTRON SDN. BHD.,2004-04-12
498,435,SRI STAR MEDICARE SDN. BHD.,1998-03-26
499,436,SEMANGAT NEUTRON SDN. BHD.,2002-01-21
500,437,SAKURA KRISTAL SDN. BHD.,2003-05-12
501,438,SAMWAI AIR-CONDITIONING SDN. BHD.,1993-07-19
502,439,STAR CHART SDN. BHD.,2007-11-22
503,440,SCAN PLUS SDN. BHD.,1991-03-14
504,441,SUPERVET SUPPLY SDN. BHD.,2015-07-30
505,442,STECON SDN. BHD.,1988-04-21
506,443,STEM CELLS HEALTHY AGING (M) SDN. BHD.,2013-11-29
507,444,STUDIO MBABA SDN. BHD.,2015-06-04
508,445,INTER VIRTUAL SDN. BHD.,2000-12-01
509,446,INSTANT CAR RENTAL (M) SDN. BHD.,2002-07-02
510,446,INSTANT CAR RENTAL & TRAVEL SDN. BHD.,2007-08-10
511,447,SUNGLASS & VISIONWORLD SDN.BHD.,2002-05-17
512,448,SWICHTEC POWER SYSTEMS SDN. BHD.,1996-03-01
513,449,SYARIKAT EMERALD ELECTRICAL SDN. BHD.,2005-06-24
514,450,SYMBOLIC EXCEL SDN.  BHD.,1999-09-13
515,451,THIRD EYE ENTERPRISE SDN. BHD.,2014-08-27
516,452,THREE AMBER (M) SDN. BHD.,2009-11-30
517,453,SYARIKAT WING HEONG MEAT PRODUCT SDN. BHD.,1993-02-03
518,453,THIN HEONG MEAT PRODUCT (KL) SDN. BHD.,2009-12-11
519,454,TEROKA SOLARIS SDN. BHD.,2013-04-11
520,455,TEMA BERSAUDARA SDN. BHD.,2005-03-23
521,456,TECHNISYS MARKETING SDN. BHD.,2010-03-29
522,457,SANJUNG SEJIWA SDN. BHD.,2003-09-25
523,458,TECHMESH SDN. BHD.,1987-07-17
524,459,NAKATEN (M) SDN. BHD.,1995-02-28
525,460,THREE LIONS SPORT SDN. BHD.,2002-01-10
526,461,TRINITY HEIGHTS SDN. BHD.,2006-07-19
527,461,TRINITY WORKZ SDN. BHD.,2017-07-13
528,462,UBER MALAYSIA SDN. BHD.,2013-06-25
529,463,UI HARTA EMAS SDN. BHD.,2015-05-22
530,464,TOP PARTNER EXPRESS SDN. BHD.,2014-12-15
531,465,VERTEX AGRO SDN. BHD.,2016-10-25
532,466,VIVATREE SDN. BHD.,2017-08-16
533,467,URIS MAL SDN. BHD.,2014-06-23
534,468,VM PAYMENTS SDN. BHD.,2017-01-16
535,469,PRISTINE GATEWAY ENGINEERING SDN.BHD.,2013-03-15
536,469,UNIONLISM RESOURCES SDN. BHD.,2017-03-30
537,470,PACIFIC PRINT MACH SDN. BHD.,2005-10-13
538,470,ULTRAJET ENGINEERING SDN. BHD.,2013-06-26
539,471,VISUAL WELL SOLUTIONS SDN. BHD.,2009-12-31
540,472,WAN AVANCE SDN. BHD.,2015-10-22
541,473,TIRAI NAGA SDN. BHD.,1994-11-17
542,474,WEIHAI SHANHUA PREMIER CARPETS (M) SDN. BHD.,2006-06-12
543,475,WHETRONMY ELECTRONIC SDN. BHD.,2016-09-21
544,475,WHETRONMY ELECTRONICS SDN. BHD.,2016-11-15
545,476,WISE CHAMPION RESOURCES SDN. BHD.,2017-08-17
546,477,WL WISE TRAVEL CONSULTING SDN. BHD.,2016-12-27
547,478,WMT PROPERTIES & MANAGEMENT SDN. BHD.,2007-08-02
548,479,TELECONSULT (M) SDN. BHD.,1993-08-07
549,480,YATRON ENERGY (MALAYSIA) SDN. BHD.,2015-09-18
550,481,WRX SPINE RESOURCES SDN. BHD.,2017-08-18
551,482,TEKNIK TEKUN SDN. BHD.,1995-04-15
552,483,XCEL WORLD TRADE SDN. BHD.,2005-08-30
553,484,FUANCO SDN. BHD.,1981-08-15
554,484,NOVASAT COMMUNICATIONS SDN. BHD.,1997-03-24
555,485,YOUNG BLOOD BEAUTY PARLOUR SDN. BHD.,2016-06-23
556,486,CRESTCHIC (MALAYSIA) SDN. BHD.,2007-07-19
557,486,YEE TAH MING HOLDINGS SDN. BHD.,2014-06-19
558,487,YOHC PROGRAMS SDN. BHD.,2011-05-11
559,488,YONGHUI MATERIALS & PACKAGING SDN. BHD.,2002-09-20
560,489,TEN REN TRADING SDN. BHD.,1986-07-14
561,490,X'TENT URBAN GROUP SDN.  BHD.,2002-09-26
562,491,SWEE HWA HOLDINGS SDN. BHD.,1988-02-11
563,492,21ST CENTURY SOFTWARE SOLUTIONS SDN. BHD.,2017-04-18
564,493,90INK CHEMISTRY EVENT SDN. BHD.,2014-11-04
565,494,AKADEMI CADDCAM SDN. BHD.,2000-07-07
566,495,AL AMEEN TOYYIBAN SDN. BHD.,2016-01-21
567,496,ALKEN ORIENTAL SDN. BHD.,1995-06-26
568,497,ALTERNATE STUDIOS SDN. BHD.,2009-03-23
569,498,ADSIGNS IMEJ SDN. BHD.,1997-06-23
570,499,YAP KHAY CHEONG BRICKWORKS (SEMENYIH) SDN. BHD.,1981-02-12
571,500,ANSON CENTURY SDN. BHD.,2010-12-06
572,501,APPXQUARE TECHNOLOGIES SDN. BHD.,2012-07-27
573,502,ARCHCO RIGIDON (M) SDN. BHD.,2003-10-09
574,503,ASI PAYROLL SERVICES SDN. BHD.,2016-05-25
575,504,ASI DATA SDN. BHD.,1988-08-26
576,504,PARAGON OIL & GAS SERVICES SDN. BHD.,2007-06-07
577,504,ASI (MM2H) SDN. BHD.,2008-02-27
578,505,AYUL INTERNATIONAL SDN. BHD.,2013-04-17
579,506,B. I. PACKAGING SUPPLY SDN. BHD.,2003-10-01
580,507,ASI MANAGEMENT SERVICES SDN. BHD.,2003-02-24
581,508,AURA RECO ELECTRICAL SDN. BHD.,2012-11-12
582,509,ASI AGENCY SDN. BHD.,1993-11-03
583,510,BANANA LABS SDN. BHD.,2013-10-16
584,511,BASHEER GRAPHIC BOOKS SDN. BHD.,1995-09-07
585,512,BEEJAQ SDN. BHD.,2010-11-08
587,514,BIFORST HOLDING SDN. BHD.,2006-02-06
589,515,BIFORST LOGISTICS SDN. BHD.,2003-11-20
594,519,BIFORST SECURITY SDN. BHD.,2016-10-19
595,520,BIFORST TECHNOLOGY SDN. BHD.,2005-05-12
597,521,BIFORST TELECOMMUNICATIONS SDN. BHD.,2016-08-19
598,522,BIFORST AGENCIES SDN. BHD.,2005-10-11
599,523,BIFORST DISTRIBUTIONS SDN. BHD.,2005-04-30
600,524,BIFORST PENANG SDN. BHD.,2005-02-17
602,524,BIFORST HEALTHCARE SDN. BHD.,2017-01-31
603,525,BIFORST MALAYSIA SDN. BHD.,2004-10-23
608,528,BUMI CAPITAL EQUITY SDN. BHD.,2015-10-26
610,529,AXA CABLING SDN. BHD.,1996-06-11
611,530,AUTOLEGAL SERVICES (M) SDN. BHD.,1996-10-12
612,531,AUTOLEGAL (M) SDN. BHD.,1995-04-07
613,532,ASI SECRETARIAL SERVICES SDN. BHD.,1995-04-14
586,513,ASI CONSULTING SDN. BHD.,1995-04-10
588,514,BIFORST HOLDINGS SDN. BHD.,2006-05-16
590,516,BIFORST PLANTATION SDN. BHD.,2007-03-15
591,517,BIFORST PRINTING SDN. BHD.,2006-05-17
592,518,BIFORST PROPERTIES SDN. BHD.,2008-04-03
593,519,BIFORST JOHOR BAHRU SDN. BHD.,2007-03-15
596,521,SOFTEC SDN. BHD.,2009-05-14
601,524,BIFORST SYNERGY SDN. BHD.,2011-04-01
604,525,BIG FLEET SDN. BHD.,2014-05-19
605,526,BRAMS & BROTHERS SDN. BHD.,2014-06-18
606,527,BUMI ASIA AUTO SDN. BHD.,2008-01-25
607,528,BIFORST RESOURCES SDN. BHD.,2005-04-30
609,528,BUMI CAPITAL RESOURCES SDN. BHD.,2017-05-18
614,533,CASA DINAMIK SDN. BHD.,2004-04-19
615,533,CASA DINAMIK LOGISTIC & SERVICES SDN. BHD.,2014-03-31
616,534,CHIMERA-TECH SDN. BHD.,2004-07-13
617,535,CHEMCENTRO SDN. BHD.,1999-11-02
618,536,CINEMA ONLINE SDN. BHD.,2000-09-21
619,537,CONVERGING KNOWLEDGE SDN. BHD.,2010-12-24
620,538,DIGITAL FRAMEWORK SDN. BHD.,2013-04-05
621,538,CUSTOMER CONNECT MALAYSIA SDN. BHD.,2013-05-23
622,539,DESIGN REVIEW SDN. BHD.,2001-04-27
623,540,DEEN CONSTRUCTION SDN. BHD.,2008-02-05
624,541,CXRUS SOLUTIONS SDN. BHD.,2010-09-20
625,542,DANCORP SDN. BHD.,2009-05-14
626,543,DAYA MAXFLO SDN. BHD.,2005-02-21
627,544,D'MAQ MALAYSIA SDN. BHD.,2003-09-29
628,545,TULINASIA INDUSTRIES SDN. BHD.,1996-06-24
630,545,DAYANG TRICYCLE (M) SDN. BHD.,2005-11-11
631,546,DU VIET SDN. BHD.,2011-07-01
632,547,CADDCAM SERVICES SDN. BHD.,1997-08-23
634,548,EB SMARTSOLUTIONS SDN. BHD.,2017-04-20
635,549,ECOVERSE SDN. BHD.,2017-03-02
636,550,ELC RAIL SDN. BHD.,2015-09-15
637,551,ES SURIA SDN. BHD.,2015-12-29
638,552,PACKET SYSTEMS (MALAYSIA) SDN. BHD.,2003-01-22
639,552,DMX PACKET (MALAYSIA) SDN. BHD.,2012-03-14
640,553,DYNABRO ENGINEERING SDN. BHD.,2004-02-05
641,554,EANGGAR SOLUTIONS SDN. BHD.,2007-11-29
642,555,EROS ENGINEERING SDN. BHD.,2015-12-23
643,556,EAST LINK CONSULTING (M) SDN. BHD.,2004-07-06
644,557,ENDORSED DISTRIBUTION & ENGINEERING SDN. BHD.,2002-08-26
645,558,ELDERAAN TECHNOLOGIES SDN. BHD.,1996-05-04
646,559,EMPIRE SCOPE SDN. BHD.,1994-01-08
647,560,ASI TAXATION SDN. BHD.,1995-09-25
648,561,ASI SERVICES SDN. BHD.,1991-02-02
649,562,BIFORST MARKETING SDN. BHD.,2007-11-01
650,562,TWELVEHUNDRED SDN. BHD.,2011-05-24
651,562,EV STATION SDN. BHD.,2017-03-13
652,563,EXCELLENT MANAGEMENT SOLUTIONS SDN. BHD.,2003-10-13
653,564,ALTERSENCE TRAVEL AND TOURS SDN. BHD.,2014-12-31
654,564,FASTWAY FACILITIES SDN. BHD.,2017-08-16
655,565,FLXR HOLDINGS SDN. BHD.,2014-02-21
656,566,FZ ENERGY STORAGE SYSTEMS SDN. BHD.,2016-08-11
657,567,FINESSE ELEGANCE SDN. BHD.,2006-07-27
658,568,GEO-KOSMO PROGRESIF SDN. BHD.,2003-09-25
659,569,GLAMREKA SDN.BHD.,2011-08-26
660,570,GLAMWEDDINGS SDN. BHD.,2011-12-23
661,571,GRAND CHEF SDN. BHD.,2004-06-14
662,572,GX EMPIRE SDN. BHD.,2016-02-23
663,573,HALLMARK ACCESS SDN. BHD.,2010-10-18
664,574,HE SHEN MALAYSIA SDN. BHD.,2009-07-06
665,575,HEALTHCARE MEDICAL LABORATORIES (M) SDN. BHD.,1996-07-27
666,575,HEALTHCARE IMAGING SERVICES SDN. BHD.,2013-03-14
667,576,IFNA WORLD SDN. BHD.,2005-03-16
668,577,IDG INTERNATIONAL DESIGN GROUP SDN. BHD.,2005-02-18
669,578,HEALTHCARE MEDICAL CENTRE SDN. BHD.,1996-09-24
670,579,HR OPTIMA (M) SDN. BHD.,2004-06-29
671,580,EKOLOGICS SDN. BHD.,2008-04-18
672,580,SCOPE MANAGEMENT SDN. BHD.,2011-04-20
673,580,HUMANINC SDN. BHD.,2016-02-25
674,581,PURE POMEGRANATE SDN. BHD.,2005-07-15
675,581,CELEBRATING THINKERS SDN. BHD.,2007-02-14
676,582,SPORTBUSINESS UNLIMITED SDN. BHD.,2003-09-29
677,582,JB CAPS APPARELS SDN. BHD.,2007-07-27
678,583,JINTAN MANIS CAFE SDN. BHD.,1999-06-02
679,584,KARAK MARINE SUPPLIES SDN. BHD.,2015-05-08
680,585,KASK CONSULTING SDN. BHD.,2007-10-01
681,586,KASK HOLDINGS SDN. BHD.,2007-03-05
682,587,KASK PEOPLE-SKILLS SDN. BHD.,2008-08-06
683,588,KASK ORGANIZATION DEVELOPMENT SDN. BHD.,2009-05-15
684,588,KASK-SERVICES SDN. BHD.,2009-06-15
685,589,KBI ENGINEERING & SERVICES SDN. BHD.,2017-02-23
686,590,KC PRINTERS SDN. BHD.,1997-01-30
687,590,KHAIRI HOLDINGS SDN. BHD.,2010-07-05
688,590,KC ARCHITECTS ENGINEERS SDN. BHD.,2013-04-25
689,591,KHAIRI CONSULT SDN. BHD.,1998-04-03
690,592,KONFIDENCE BABIES AND KIDS SDN. BHD.,2009-09-01
691,593,L&E SAFETY CONSULTING SDN. BHD.,2017-04-05
692,594,LARA NOUR HOLDINGS SDN. BHD.,2017-02-20
693,595,LEAP ENERGY PARTNERS SDN. BHD.,2008-05-08
694,596,LEAP ENERGY TECHNOLOGY VENTURES SDN. BHD.,2010-05-04
695,597,LEED HOME BUILDING TECHNOLOGY (MALAYSIA) SDN. BHD.,2017-03-29
696,597,LF BUILDING TECHNOLOGY (M) SDN. BHD.,2017-06-07
697,598,BLUE APPLE TECHNOLOGY SDN. BHD.,2008-01-17
698,598,LIGHTNING TOTAL SOLUTION SDN. BHD.,2009-12-23
699,599,LITTLE PENANG CAFE AT ATRIA SDN. BHD.,2014-10-20
700,600,LITTLE PENANG CAFE TOO SDN. BHD.,2005-09-12
701,601,LITTLE PENANG SUNDRIES SDN. BHD.,2012-10-09
702,602,MADAC SDN. BHD.,2011-09-19
703,603,MALAYA UNITED FILMS & ENTERTAINMENT SDN. BHD.,2013-04-01
704,604,MATCOR TECHNOLOGY & SERVICES (M) SDN. BHD.,2014-08-21
705,605,LITTLE PENANG CAFE SDN. BHD.,1999-06-02
706,606,MANDIRI INTERNATIONAL REMITTANCE SDN. BHD.,2009-03-17
707,607,MAS MAKAN SDN. BHD.,2003-05-20
708,608,MAYFAIR TECHNOLOGIES SDN. BHD.,1998-06-09
709,609,ISHRAB AND SONS SDN. BERHAD,1973-08-28
710,609,ISHRAB SDN. BHD.,1982-07-06
711,610,J & J MURNI SDN. BHD.,2015-10-01
712,611,JAVA NEWTECH SDN. BHD.,2010-03-25
713,612,MEDINA WEALTH MANAGEMENT (M) SDN. BHD.,2010-01-22
714,613,MEGAVISION VALLEY SDN. BHD.,2009-01-12
715,613,MEGAVISION DELIGHTS SDN. BHD.,2010-05-17
716,614,MESBAH SDN. BHD.,2007-03-16
717,615,MFCITY SDN. BHD.,2014-09-19
718,616,MIASS SERVICES SDN. BHD.,2004-09-20
720,618,MO STUDIOS SDN. BHD.,2017-09-05
721,619,ADVANCED SPORTS MANAGEMENT SDN. BHD.,2007-09-26
723,620,MURGHNI BUILDERS SDN. BHD.,2016-05-05
724,621,MURGHNI EXPRESS FORWARDING & TRANSPORTATION SDN. BHD.,2015-03-20
725,622,NELYZ COUTURE SDN. BHD.,2015-06-23
727,624,INTERSOFTKK (M) SDN. BHD.,2016-03-22
728,625,IP SKILL BUILDERS SDN. BHD.,2003-09-15
729,626,NEXSTREAM SDN. BHD.,2006-05-09
730,627,NEXT OIL SDN. BHD.,2013-11-15
731,628,P PEREIRA STABLES SDN. BHD.,2012-03-12
732,629,NEXTNGIN SDN. BHD.,2014-01-08
734,630,NOBLE PLAN SDN. BHD.,2011-10-14
735,631,ORIENT VECTOR SDN. BHD.,2004-05-25
719,617,MINDORDER SDN. BHD.,2014-04-11
722,619,MOCHA SYSTEMS SDN. BHD.,2009-11-04
726,623,INAS RESOURCES SDN. BHD.,2012-08-06
733,630,BLOOMING DAY SDN. BHD.,2007-12-28
736,632,PADDY SCHUBERT CONSULTANTS SDN. BHD.,2005-08-16
737,633,CHANNEL SHIPYARD ENGINEERING SDN. BHD.,1992-03-19
738,634,AEKA CORPORATION (M) SDN. BHD.,1985-08-13
739,635,PENDRAGON AUTO SDN. BHD.,2010-05-12
740,636,BIFORST PRODUCTIONS SDN. BHD.,2007-06-29
741,636,SOFTEC ONE SDN. BHD.,2011-04-18
742,636,PERTIWI DUNIA SDN. BHD.,2015-10-13
743,637,PERUNDING ZNA SDN. BHD.,1995-10-02
744,637,PERUNDING ZNA (M) SDN. BHD.,2007-09-28
745,638,PM PIPING (M) SDN. BHD.,2013-09-11
746,639,PLATINUM GESTURE TRAVEL & TOURS SDN. BHD.,2001-09-26
747,640,PONEY ASSET SDN. BHD.,2012-03-06
748,641,PAR SYNERGY (M) SDN. BHD.,1995-01-24
749,642,PERTHPAL LEARNING PARTNERS SDN. BHD.,2017-02-24
750,643,PANGLANG PROPERTIES SDN. BHD.,1995-02-27
751,644,PRESTIGE CHAPTER SDN. BHD.,2006-10-17
752,645,RA PUNCAK GEMILANG RESOURCES SDN. BHD.,2017-01-05
753,646,"RAUDHAH GLOBAL SDN. BHD,",2006-10-05
754,647,PRISTINE DENTAL CENTRE SDN. BHD.,1999-08-10
755,648,PRISTINE DENTAL MEGAMALL SDN. BHD.,2003-12-05
756,649,PONEY HOLDINGS SDN. BHD.,2012-01-03
757,650,PONEY HOLDINGS SDN. BHD.,2012-01-03
758,651,PONEY HOLDINGS SDN. BHD.,2012-01-03
759,652,PONEY HOLDINGS SDN. BHD.,2012-01-03
760,653,PONEY INTERNATIONAL SDN. BHD.,2010-12-17
761,654,PONEY RESOURCES SDN. BHD.,2012-01-03
762,655,PREFERRED HARVEST SDN. BHD.,2011-04-15
763,656,PREMIER ASCENT SDN. BHD.,2013-01-31
764,657,PONEY GARMENTS SDN. BHD.,1993-03-10
765,658,RI MAISON SDN. BHD.,2015-11-17
766,658,RI MAISON DECOZON SDN. BHD.,2016-01-06
767,659,RIZALMAN IBRAHIM COUTURE SDN. BHD.,2002-06-26
768,660,SAG INTERNATIONAL SDN. BHD.,2014-01-07
769,661,SCOPES SDN. BHD.,2007-09-11
770,661,SCOPE GROUP SDN. BHD.,2010-07-30
771,661,MISSION & COADVISORS SDN. BHD.,2017-09-08
772,662,SCREEN WORKS INTERNATIONAL SDN. BHD.,2008-03-06
773,663,SCY CONSULTANTS SDN. BHD.,2011-11-22
774,664,SEDAGHAT BROTHERS SDN. BHD.,2010-01-27
775,665,SEIMEI ENGINEERING (M) SDN. BHD.,2012-04-10
776,666,SHAVENZI SDN. BHD.,2010-07-29
777,667,SLT ASIA SDN. BHD.,2007-07-31
778,668,SMART XS CONSULTANT SDN. BHD.,2001-10-18
779,669,SOLAZ ENERGY INDUSTRIES SDN. BHD.,2010-03-26
780,670,SONICK ENERGY MALAYSIA SDN. BHD.,2013-04-18
781,671,SYNERRV SDN. BHD.,2011-09-19
782,672,MODULAR PRESENCE SDN. BHD.,2002-10-28
783,672,STADTHOUSE PLANTATIONS SDN. BHD.,2011-08-15
784,673,T4 TECHNOLOGY SDN. BHD.,2006-06-20
785,674,TECHNOTRAIN TRADE SDN. BHD.,2016-12-13
786,675,TC ACOUSTIC SDN. BHD.,2014-05-27
788,676,THE BAKERY SRI HARTAMAS SDN. BHD.,2012-01-10
789,677,SELF MASTERY LEARNING CENTRE SDN. BHD.,2003-02-05
790,678,STADTHOUSE ENTERPRISE SDN. BHD.,1997-02-25
791,679,SWIFT-PAX SDN. BHD.,2003-03-11
792,680,SYMPHONY OIL & GAS SERVICES SDN. BHD.,2007-05-24
793,680,SYMPHONY ILLUMINATES SDN. BHD.,2008-10-30
794,681,TASTE OF SAIGON SDN. BHD.,2001-05-29
795,682,YASH TECHNOLOGIES SDN. BHD.,2015-02-12
796,683,YSV ANAESTHETIC SERVICES SDN. BHD.,2009-02-27
797,684,ZNAME GROUP SDN. BHD.,2016-11-21
798,685,UNIVERSAL WISDOM SDN. BHD.,2011-07-12
799,686,ZOOKEEPER MEDIA SDN. BHD.,2013-01-04
800,687,BIFORST FORWARDING SDN. BHD.,2007-10-25
801,687,YUTAKA KAIZEN SDN. BHD.,2014-12-01
802,688,ZAIRNAS SDN. BHD.,2011-01-21
803,689,TMF SYSTEMS SOLUTION SDN. BHD.,1998-08-11
804,690,TRANSGLOBAL MARKETING SDN. BHD.,2002-12-27
805,690,TRANSGLOBAL WORLD SDN. BHD.,2011-07-21
806,691,TWIN COW LIVESTOCK SDN. BHD.,2016-11-09
807,692,VCIRCLE ANGEL SDN. BHD.,2014-02-20
808,693,XELTA SDN. BHD.,2012-07-05
809,694,VCIRCLE SDN. BHD.,2013-08-27
810,695,VINTAGE WINES & SPIRITS TRADING SDN. BHD.,2013-01-17
811,696,XELTA MARINE SDN. BHD.,2011-12-15
812,697,ZINKIN ETTINGER SDN. BHD.,2000-10-18
813,698,PRIMA STRATEGIES SDN. BHD.,1991-01-16
814,699,STRENGTH SQUARE (M) SDN. BHD.,1996-01-27
815,700,BINARY GATEWAY SDN. BHD.,1994-05-05
816,700,SYNERGYST SDN. BHD.,2008-02-25
817,701,VARIA NUSATIN SDN.BHD.,2003-03-31
818,701,SECRET FOOD INDUSTRY SDN. BHD.,2008-01-17
819,701,SECRET FOOD INDUSTRIES SDN. BHD.,2008-03-04
820,701,PURRIES INDUSTRIES (M) SDN. BHD.,2014-03-04
821,702,USAE ( MALAYSIA ) SDN. BHD.,2000-10-19
822,703,REACH EASTERN RESOURCES SDN. BHD.,1997-03-21
823,704,CITY ADJUSTERS & INVESTIGATORS SDN. BHD.,1982-03-30
824,705,PDM INTERNATIONAL SDN. BHD.,2000-01-27
825,706,AZAM ASSETS SDN. BHD.,1997-08-14
826,707,FLOBRIGHT ADVERTISING SDN. BHD.,1993-10-26
827,708,FRESHIE (M) SDN. BHD.,1982-08-10
828,709,Y. E. G. CORP. SDN. BHD.,1981-01-05
829,710,FORWARD SUPPLIES SDN. BHD.,1975-09-20
830,711,PAOLICIA ENTERTAINMENT SDN. BHD.,1983-06-22
831,712,YAP KHAY CHEONG BRICKWORKS (CHERAS) SDN. BHD.,1981-02-12
832,713,NUMSA SDN. BHD.,2001-12-26
833,714,GRANDSTAR IDEA SDN. BHD.,2015-10-23
834,715,NUR ADP TECH SDN. BHD.,2013-04-11
835,716,PARSA INDUSTRY DEVELOPER SDN. BHD.,2016-03-21
836,717,TRANSFERFRIEND MALAYSIA SDN. BHD.,2014-05-15
837,718,TRANZ-I TECHNOLOGY (M) SDN. BHD.,2006-05-30
838,719,ZHANYI SDN. BHD.,1999-07-12
839,720,AGENSI PEKERJAAN INDAH BUMI SDN. BHD.,2012-11-23
840,721,AGENSI PEKERJAAN KASK CAREERS SDN. BHD.,2006-10-17
841,722,IMPACT HUB KL SDN. BHD.,2014-04-08
842,723,INDAH BUMI MAKMUR SDN. BHD.,2009-09-29
843,723,INDAH BUMI FROZEN SDN. BHD.,2017-03-28
844,724,INFINDO TECHNOLOGY SDN. BHD.,2005-03-30
845,725,PERUNDING ZNA (ASIA) SDN. BHD.,2009-09-04
846,726,HIGH VALLEY CONTRACT MANUFACTURING (GMP) SDN. BHD.,1996-08-06
847,727,CASHLOTUS (M) SDN. BHD.,1997-02-20
848,728,MD MOTORCYCLE REPAIR SDN. BHD.,2017-11-29
849,729,ERICH INTERNATIONAL GROUP SDN. BHD. ,2017-09-15
850,730,MD MOTORCYCLE REPAIR SDN.BHD.,2017-11-29
851,731,STRAITS ONLINE RETAIL SDN. BHD.,2017-12-06
852,732,LUCKY STAR 9 SDN. BHD.,2017-12-04
853,733,TESORO VENTURES SDN. BHD.,2017-11-16
854,734,AC COSMETICS LAB SDN. BHD.,2017-11-02
855,735,NFE GLOBAL SERVICES SDN. BHD.,2017-11-27
856,736,MIDSUMMER EVENTS SDN. BHD. ,2017-11-06
857,737,MARC ASIA GLOBAL SDN. BHD.,2017-11-02
858,465,KEMUNCAK AGRO SDN. BHD.,2017-12-21
859,738,BIKE O MALAYSIA SDN. BHD.,2017-12-22
860,739,ZETAL HOLDINGS SDN. BHD.,2007-02-15
862,741,HIGH VALLEY ESTATES & PLANTATIONS SDN. BHD.,2011-10-25
863,742,SALUR KUASA SDN. BHD.,2003-02-24
864,743,SALUR KUASA SDN. BHD.,2003-02-24
865,744,SALUR KUASA SDN. BHD.,2003-02-24
866,745,ETON MESS SDN. BHD.,2015-02-12
867,746,TERESA CHEW INTERNATIONAL (M) SDN. BHD.,2006-02-07
868,747,OASIS PEARL SDN. BHD.,2007-01-09
869,748,PERMABONN SDN. BHD.,1986-02-26
870,749,POWERTREK SDN. BHD.,2016-02-29
871,750,POWERTREK SDN. BHD.,2016-02-29
872,751,VERVX MALAYSIA SDN. BHD.,2017-09-21
873,752,HAUS MAKINA SANAYI TICARET A.S.,2017-04-03
874,753,KEJORA POSITIF SDN. BHD.,2017-08-03
875,754,MISSION & COVENTURES SDN. BHD.,2017-09-08
877,756,BEAU DE WAAL SDN. BHD.,2018-01-03
878,757,BEAU DE WAAL SDN. BHD.,2018-01-03
879,758,BEAU DE WAAL SDN. BHD.,2018-01-03
880,759,BEAU DE WAAL SDN. BHD.,2018-01-03
881,760,SA FOOD PARADISE CONCEPTS SDN. BHD.,2017-12-06
882,761,WRAPPS SDN. BHD.,2017-05-05
883,762,"",2012-05-14
884,763,ARMOURY VENTURES SDN. BHD.,2012-05-14
885,764,ALPHONIC TECHNOLOGY SDN. BHD.,2017-09-08
886,765,LAN BO WAN HOT POT MEE TARIK RESTAURANT SDN. BHD.,2017-11-28
887,766,AUDREY CONCEPTS SDN. BHD.,2017-09-12
888,767,CREOVASION SDN. BHD.,2017-10-30
889,768,LZ BUILDING TECHNOLOGY (M) SDN. BHD.,2017-10-02
890,769,VIVA ARTWORKS (M) SDN. BHD.,2017-09-27
891,770,STUDIO VOLO SDN. BHD. ,2018-01-09
893,772,SN2F DEVELOPMENT SDN. BHD. ,2017-11-14
894,773,ORIENTAL AGILITY SDN. BHD. ,2017-11-24
895,774,WONDER WORKS CONSTRUCTION SDN. BHD.,2015-08-19
896,775,"",2020-02-02
899,778,DB RAIL ENGINEERING & CONSULTING GMBH,2017-09-29
901,779,MUTIARA DEVELOPMENT SDN. BHD. ,2015-03-10
903,781,JANACAP SDN. BHD.,2014-06-23
904,782,SALURAN SALAM SDN. BHD.,2017-08-03
905,783,ZESSPRO SOLUTION SDN. BHD. ,2017-11-29
906,784,GOOD DISCOVERY SDN. BHD.,2015-09-18
908,785,ALSAGGAF TRADING SDN. BHD.,2017-12-19
913,786,SPERARE CONSULTING SDN. BHD. ,2018-02-13
915,789,AMPREX INTERNATIONAL SDN. BHD.,2004-11-12
916,776,SPARTAN ADVANCED TRAINING SDN. BHD. ,2018-01-19
917,790,CASHLOTUS MUTIARA SDN. BHD. ,2018-02-15
918,791,TRANZ-I RESOURCES SDN. BHD.,2017-12-20
919,777,SINERGI ASPIRASI GLOBAL SDN. BHD.,2018-02-23
921,793,MSN LABS SDN. BHD.,2020-02-02
922,794,LUNAJAYA SDN. BHD.,2018-02-19
924,796,COUNTER RISK CONSULTANCY MALAYSIA SDN. BHD.,2017-07-04
926,798,CANGGIH INTEGRITI JAYA SDN. BHD. ,2017-03-29
927,788,MEECON LOGISTIC SDN. BHD.,2018-03-02
928,799,MINOSO INNOVATION SDN. BHD. ,2017-01-01
929,800,SPARTAN SHIPCARE SDN. BHD.,2017-09-29
930,740,JADI BAKING & CULINARY SDN. BHD.,2017-12-29
931,801,DIGITAL PLANT SPECIALISTS SDN. BHD.,2018-03-06
932,802,LOW YUSHUO,2017-01-01
933,803,KAIROS BUSINESS SUITES SDN. BHD.,2017-11-22
936,806,TOTALIFE (M) SDN. BHD. ,1994-05-24
937,807,GK CONSULTANCY SDN. BHD.,2017-09-19
938,808,V. PANJACHARAM & SONS HOLDINGS SDN. BHD.,1985-04-15
939,809,HR MACHINERY SDN. BHD.,2018-03-09
940,787,NU UPTEMPO SDN. BHD.,2018-03-13
941,780,V PRO INDUSTRIAL SUPPLIES SDN. BHD.,2018-02-14
942,810,E-POWER SERVICES SDN. BHD.,2006-05-02
943,755,BEAU DE WAAL SDN. BHD.,2018-01-16
944,811,ALMAGA SDN. BHD.,2030-03-03
947,813,PERIKATAN ASIA SDN. BHD.,2004-01-14
948,814,ESSENTIAL IMAGE SDN. BHD. ,1993-08-28
949,792,TURKISH MARKETING SDN. BHD.,2018-02-28
951,815,SK INFORMATION ENGINEERING SERVICES SDN. BHD.,2015-01-19
952,797,CHUCHINA KITCHEN SDN. BHD.,2018-03-19
954,817,THREE60 ENGINEERING SDN. BHD. ,2017-01-01
957,805,PINTARGEO SDN. BHD. ,2018-03-15
958,819,LNT SYNERGY SDN. BHD.,2018-04-10
959,820,PLANT DESIGN ENGINEERS SDN. BHD.,2018-04-11
960,821,ASIANWIDE MARKETING SDN. BHD.,2016-09-07
961,804,SSO GROUP HOLDINGS BHD.,2018-04-12
962,795,EHRAZ ENGINEERING SDN. BHD.,2018-03-07
963,771,TFMY SERVICES SDN. BHD.,2018-01-19
964,822,PENGERANG INTEGRATED HEALTHCARE SDN. BHD.,2015-06-23
965,823,SOFIALEESYA MARISSA SERVICES SDN. BHD.,2020-02-02
967,812,NEWFIELDS CONSULTING SDN. BHD.,2018-04-25
969,826,SILVER XSTATIC SDN. BHD.,2018-01-18
970,818,HELICON GLOBAL SDN. BHD.,2018-04-25
971,827,FAST & BEST BUSINESS PRODUCTS IMPEX SDN. BHD.,2016-10-27
972,828,TAIYOSHOJI MALAYSIA SDN. BHD.,2020-02-02
973,829,TREASURE BUSINESS GLOBAL SERVICES SDN. BHD.,2020-02-02
974,825,IGENERATION INTERNATIONAL CULTURAL ORGANIZATION SDN. BHD.,2018-04-30
975,830,MACKESSEN SDN. BHD. ,2018-05-02
976,824,TREASURE BUSINESS GLOBAL SERVICES SDN. BHD. ,2018-05-04
977,831,TECHCROUD SDN. BHD.,2018-04-16
978,832,SBR HOLDING SDN. BHD. ,2017-01-01
979,833,BENEFIT ZONE GLOBAL SDN. BHD. ,2017-08-29
980,834,EDISI MODAL SDN. BHD. [IN LIQUIDATION],2004-03-24
981,835,NF PARTNERS SDN. BHD.,2017-01-01
982,816,FIRSTLOOKOUT MARKETING SDN. BHD. ,2018-04-26
