fee_id|company_id|fee_category|fee_type|fee_description|fee_billduration|fee_amount|fee_billto|fee_billingdescription
1|2|SR|Fee|SecFee|12|840|09/10/2017|Secretarial Fee + Registered Office
686|753|SR|Fee|SecFee|12|840|05/09/2018|Secretarial Fee + Registered Office
70|82|SR|Fee|SecFee|12|840|04/01/2019|Secretarial Fee + Registered Office
17|25|SR|Fee|SecFee|12|840|04/01/2019|Secretarial Fee + Registered Office
5|9|SR|Fee|SecFee|12|840|02/06/2018|Secretarial Fee + Registered Office
80|101|SR|Fee|SecFee|12|840|07/01/2019|Secretarial Fee + Registered Office
25|34|SR|Fee|SecFee|12|840|10/01/2019|Secretarial Fee + Registered Office
45|54|SR|Fee|SecFee|12|840|16/01/2019|Secretarial Fee + Registered Office
9|15|SR|Fee|SC|12|1000|27/07/2018|Seychelles
10|17|SR|Fee|SecFee|12|840|29/05/2018|Secretarial Fee + Registered Office
12|20|SR|Fee|SecFee|12|840|12/02/2018|Secretarial Fee + Registered Office
57|69|SR|Fee|SecFee|12|840|22/01/2019|Secretarial Fee + Registered Office
695|778|SR|Fee|LocalAgent|12|18000|28/09/2018|Nominee Local Agent Fee
16|24|SR|Fee|SecFee|12|840|15/08/2016|Secretarial Fee + Registered Office
22|30|SR|Fee|SecFee|12|840|04/08/2018|Secretarial Fee + Registered Office
23|32|SR|Fee|SecFee|12|840|26/03/2018|Secretarial Fee + Registered Office
24|33|SR|Fee|SecFee|12|840|26/06/2018|Secretarial Fee + Registered Office
30|39|SR|Fee|SecFee|12|840|02/06/2018|Secretarial Fee + Registered Office
33|42|SR|Fee|SecFee|12|840|12/05/2018|Secretarial Fee + Registered Office
34|43|SR|Fee|SecFee|12|1000|04/08/2018|Secretarial Fee + Registered Office
35|44|SR|Fee|SecFee|12|840|11/08/2018|Secretarial Fee + Registered Office
40|49|SR|Fee|SecFee|12|840|30/05/2018|Secretarial Fee + Registered Office
42|51|SR|Fee|SecFee|12|840|26/06/2018|Secretarial Fee + Registered Office
47|56|SR|Fee|SecFee|12|840|14/07/2018|Secretarial Fee + Registered Office
49|59|SR|Fee|SecFee|12|840|01/06/2018|Secretarial Fee + Registered Office
50|60|SR|Fee|SecFee|12|840|19/06/2018|Secretarial Fee + Registered Office
51|63|SR|Fee|SecFee|12|840|13/01/2018|Secretarial Fee + Registered Office
55|67|SR|Fee|SecFee|12|840|01/04/2018|Secretarial Fee + Registered Office
58|70|SR|Fee|SecFee|12|840|27/03/2018|Secretarial Fee + Registered Office
59|71|SR|Fee|SecFee|12|840|04/05/2018|Secretarial Fee + Registered Office
61|73|SR|Fee|SecFee|12|840|26/06/2018|Secretarial Fee + Registered Office
65|77|SR|Fee|SecFee|12|840|18/06/2018|Secretarial Fee + Registered Office
74|90|SR|Fee|SecFee|12|840|31/07/2018|Secretarial Fee + Registered Office
75|92|SR|Fee|SecFee|12|840|23/05/2018|Secretarial Fee + Registered Office
2|3|SR|Fee|SecFee|12|840|13/10/2018|Secretarial Fee + Registered Office
82|103|SR|Fee|SecFee|12|840|13/12/2018|Secretarial Fee + Registered Office
84|105|SR|Fee|SecFee|12|840|18/09/2018|Secretarial Fee + Registered Office
687|346|SR|Fee|SecFee|12|840|03/12/2018|Secretarial Fee + Registered Office
696|778|SR|Fee|SecHandle|12|840|28/09/2018|Secretarial Files Handling Charges
85|106|SR|Fee|SecFee|12|840|12/01/2019|Secretarial Fee + Registered Office
89|110|SR|Fee|SecFee|12|840|15/01/2019|Secretarial Fee + Registered Office
159|188|SR|Fee|SecFee|12|840|18/01/2019|Secretarial Fee + Registered Office
94|115|SR|Fee|SecFee|12|840|09/08/2018|Secretarial Fee + Registered Office
127|148|SR|Fee|SecFee|12|840|21/01/2019|Secretarial Fee + Registered Office
90|111|SR|Fee|SecFee|12|840|22/01/2019|Secretarial Fee + Registered Office
139|164|SR|Fee|SecFee|12|840|23/01/2019|Secretarial Fee + Registered Office
104|125|SR|Fee|SecFee|12|840|18/06/2018|Secretarial Fee + Registered Office
105|126|SR|Fee|SecFee|12|840|27/06/2018|Secretarial Fee + Registered Office
106|127|SR|Fee|SecFee|12|840|09/09/2018|Secretarial Fee + Registered Office
112|133|SR|Fee|SecFee|12|840|06/09/2018|Secretarial Fee + Registered Office
113|134|SR|Fee|SecFee|12|840|09/06/2018|Secretarial Fee + Registered Office
115|136|SR|Fee|SecFee|12|840|17/05/2018|Secretarial Fee + Registered Office
8|14|SR|Fee|SecFee|12|840|03/02/2019|Secretarial Fee + Registered Office
688|763|SR|Fee|SecFee|12|840|12/02/2019|Secretarial Fee + Registered Office
110|131|SR|Fee|SecFee|12|840|22/02/2019|Secretarial Fee + Registered Office
83|104|SR|Fee|SecFee|12|840|22/02/2019|Secretarial Fee + Registered Office
11|19|SR|Fee|SecFee|12|840|26/02/2019|Secretarial Fee + Registered Office
109|130|SR|Fee|SecFee|12|840|27/02/2019|Secretarial Fee + Registered Office
31|40|SR|Fee|SecFee|12|840|03/03/2019|Secretarial Fee + Registered Office
27|36|SR|Fee|SecFee|12|840|10/03/2019|Secretarial Fee + Registered Office
32|41|SR|Fee|SecFee|12|840|28/02/2019|Secretarial Fee + Registered Office
60|72|SR|Fee|SecFee|12|840|13/03/2019|Secretarial Fee + Registered Office
100|121|SR|Fee|SecFee|12|8|16/03/2019|Secretarial Fee + Registered Office
86|107|SR|Fee|SecFee|12|840|19/03/2019|Secretarial Fee + Registered Office
96|117|SR|Fee|SecFee|12|840|19/03/2019|Secretarial Fee + Registered Office
103|124|SR|Fee|SecFee|12|840|28/03/2019|Secretarial Fee + Registered Office
29|38|SR|Fee|SecFee|12|840|31/03/2019|Secretarial Fee + Registered Office
20|28|SR|Fee|SecFee|12|840|02/04/2019|Secretarial Fee + Registered Office
26|35|SR|Fee|SecFee|12|840|09/04/2019|Secretarial Fee + Registered Office
43|52|SR|Fee|SecFee|12|840|14/04/2019|Secretarial Fee + Registered Office
76|95|SR|Fee|SecFee|12|840|14/04/2019|Secretarial Fee + Registered Office
95|116|SR|Fee|SecFee|12|840|21/04/2019|Secretarial Fee + Registered Office
46|55|SR|Fee|SecFee|12|840|26/04/2019|Secretarial Fee + Registered Office
97|118|SR|Fee|SecFee|12|840|28/04/2019|Secretarial Fee + Registered Office
48|58|SR|Fee|SecFee|12|840|06/05/2019|Secretarial Fee + Registered Office
119|140|SR|Fee|SecFee|12|840|02/07/2018|Secretarial Fee + Registered Office
126|147|SR|Fee|SecFee|12|840|20/07/2018|Secretarial Fee + Registered Office
132|155|SR|Fee|SecFee|12|840|15/03/2018|Secretarial Fee + Registered Office
133|157|SR|Fee|SecFee|12|840|25/06/2018|Secretarial Fee + Registered Office
56|68|SR|Fee|SecFee|12|840|24/05/2018|Secretarial Fee + Registered Office
138|163|SR|Fee|SecFee|12|840|17/08/2018|Secretarial Fee + Registered Office
141|166|SR|Fee|SecFee|12|840|21/04/2018|Secretarial Fee + Registered Office
145|170|SR|Fee|SecFee|12|840|27/05/2018|Secretarial Fee + Registered Office
146|171|SR|Fee|SecFee|12|840|26/08/2018|Secretarial Fee + Registered Office
152|180|SR|Fee|SecFee|12|840|01/07/2018|Secretarial Fee + Registered Office
153|181|SR|Fee|SecFee|12|840|29/06/2018|Secretarial Fee + Registered Office
154|183|SR|Fee|SecFee|12|840|23/06/2018|Secretarial Fee + Registered Office
157|186|SR|Fee|SecFee|12|840|21/05/2018|Secretarial Fee + Registered Office
158|187|SR|Fee|SecFee|12|840|22/05/2018|Secretarial Fee + Registered Office
161|190|SR|Fee|SecFee|12|840|12/08/2018|Secretarial Fee + Registered Office
87|108|SR|Fee|SecFee|12|840|17/10/2018|Secretarial Fee + Registered Office
164|193|SR|Fee|SecFee|12|840|24/09/2018|Secretarial Fee + Registered Office
165|194|SR|Fee|SecFee|12|840|06/10/2018|Secretarial Fee + Registered Office
36|45|SR|Fee|SecFee|6|430|30/06/2018|Secretarial Fee + Registered Office
689|282|SR|Fee|DR|12|7200|31/12/2018|Nominee Director Fee
228|261|SR|Fee|SecFee|12|840|05/01/2019|Secretarial Fee + Registered Office
217|250|SR|Fee|SecFee|12|840|14/01/2019|Secretarial Fee + Registered Office
171|201|SR|Fee|SecFee|12|840|16/06/2018|Secretarial Fee + Registered Office
174|204|SR|Fee|SecFee|12|840|01/09/2018|Secretarial Fee + Registered Office
203|233|SR|Fee|SecFee|12|840|20/01/2019|Secretarial Fee + Registered Office
173|203|SR|Fee|SecFee|12|840|24/01/2019|Secretarial Fee + Registered Office
181|211|SR|Fee|SecFee|12|840|21/08/2018|Secretarial Fee + Registered Office
186|216|SR|Fee|SecFee|12|840|03/08/2018|Secretarial Fee + Registered Office
187|217|SR|Fee|SecFee|12|840|08/07/2018|Secretarial Fee + Registered Office
196|226|SR|Fee|SecFee|12|840|26/07/2018|Secretarial Fee + Registered Office
201|231|SR|Fee|SecFee|12|840|28/05/2018|Secretarial Fee + Registered Office
204|234|SR|Fee|SecFee|12|840|19/06/2018|Secretarial Fee + Registered Office
205|235|SR|Fee|SecFee|12|840|05/08/2018|Secretarial Fee + Registered Office
208|238|SR|Fee|SecFee|12|840|20/06/2018|Secretarial Fee + Registered Office
215|248|SR|Fee|SecFee|12|840|14/06/2018|Secretarial Fee + Registered Office
216|249|SR|Fee|SecFee|12|840|29/05/2018|Secretarial Fee + Registered Office
220|253|SR|Fee|SecFee|12|840|19/08/2018|Secretarial Fee + Registered Office
222|255|SR|Fee|SecFee|12|840|11/06/2018|Secretarial Fee + Registered Office
226|259|SR|Fee|SecFee|12|840|08/09/2018|Secretarial Fee + Registered Office
227|260|SR|Fee|SecFee|12|840|05/09/2018|Secretarial Fee + Registered Office
231|264|SR|Fee|SecFee|12|840|13/06/2018|Secretarial Fee + Registered Office
233|266|SR|Fee|SecFee|12|840|14/06/2018|Secretarial Fee + Registered Office
234|267|SR|Fee|SecFee|12|840|19/06/2018|Secretarial Fee + Registered Office
237|270|SR|Fee|SecFee|12|840|14/07/2018|Secretarial Fee + Registered Office
238|271|SR|Fee|SecFee|12|840|23/08/2018|Secretarial Fee + Registered Office
156|185|SR|Fee|SecFee|12|840|03/02/2019|Secretarial Fee + Registered Office
235|268|SR|Fee|SecFee|12|840|15/02/2019|Secretarial Fee + Registered Office
179|209|SR|Fee|SecFee|12|840|17/02/2019|Secretarial Fee + Registered Office
149|177|SR|Fee|SecFee|12|840|20/02/2019|Secretarial Fee + Registered Office
144|169|SR|Fee|SecFee|12|840|20/02/2019|Secretarial Fee + Registered Office
137|162|SR|Fee|SecFee|12|840|23/02/2019|Secretarial Fee + Registered Office
232|265|SR|Fee|SecFee|12|840|01/03/2019|Secretarial Fee + Registered Office
224|257|SR|Fee|SecFee|12|840|05/03/2019|Secretarial Fee + Registered Office
129|152|SR|Fee|SecFee|12|840|06/03/2019|Secretarial Fee + Registered Office
690|462|SR|Fee|DR|6|4800|22/06/2018|Nominee Director Fee
210|243|SR|Fee|SecFee|12|840|14/03/2019|Secretarial Fee + Registered Office
140|165|SR|Fee|SecFee|12|840|21/03/2019|Secretarial Fee + Registered Office
142|167|SR|Fee|SecFee|12|840|23/03/2019|Secretarial Fee + Registered Office
214|247|SR|Fee|SecFee|12|840|27/03/2019|Secretarial Fee + Registered Office
199|229|SR|Fee|SecFee|12|840|29/03/2019|Secretarial Fee + Registered Office
123|144|SR|Fee|SecFee|12|840|31/03/2019|Secretarial Fee + Registered Office
182|212|SR|Fee|SecFee|12|840|31/03/2019|Secretarial Fee + Registered Office
121|142|SR|Fee|SecFee|12|840|31/03/2019|Secretarial Fee + Registered Office
143|168|SR|Fee|SecFee|12|840|01/04/2019|Secretarial Fee + Registered Office
118|139|SR|Fee|SecFee|12|840|04/04/2019|Secretarial Fee + Registered Office
218|251|SR|Fee|SecFee|12|840|05/04/2019|Secretarial Fee + Registered Office
116|137|SR|Fee|SecFee|12|840|05/04/2019|Secretarial Fee + Registered Office
134|159|SR|Fee|SecFee|12|840|06/04/2019|Secretarial Fee + Registered Office
172|202|SR|Fee|SecFee|12|840|18/04/2019|Secretarial Fee + Registered Office
209|239|SR|Fee|SecFee|12|840|24/04/2019|Secretarial Fee + Registered Office
120|141|SR|Fee|SecFee|12|840|25/04/2019|Secretarial Fee + Registered Office
147|172|SR|Fee|SecFee|12|840|09/05/2019|Secretarial Fee + Registered Office
131|154|SR|Fee|SecFee|12|840|10/05/2019|Secretarial Fee + Registered Office
128|150|SR|Fee|SecFee|12|840|13/05/2019|Secretarial Fee + Registered Office
178|208|SR|Fee|SecFee|12|840|14/05/2019|Secretarial Fee + Registered Office
241|274|SR|Fee|SecFee|12|840|13/06/2018|Secretarial Fee + Registered Office
243|276|SR|Fee|SecFee|12|840|27/06/2018|Secretarial Fee + Registered Office
244|277|SR|Fee|SecFee|12|840|11/05/2018|Secretarial Fee + Registered Office
245|278|SR|Fee|SecFee|12|840|01/06/2018|Secretarial Fee + Registered Office
166|195|SR|Fee|SecFee|12|840|22/10/2018|Secretarial Fee + Registered Office
251|284|SR|Fee|SecFee|12|840|20/06/2018|Secretarial Fee + Registered Office
252|285|SR|Fee|SecFee|12|840|31/07/2018|Secretarial Fee + Registered Office
260|293|SR|Fee|SecFee|12|840|06/09/2018|Secretarial Fee + Registered Office
263|296|SR|Fee|SecFee|12|840|31/07/2018|Secretarial Fee + Registered Office
264|297|SR|Fee|SecFee|12|840|13/07/2018|Secretarial Fee + Registered Office
249|282|SR|Fee|SecFee|12|840|03/12/2018|Secretarial Fee + Registered Office
250|283|SR|Fee|SecFee|12|840|16/09/2018|Secretarial Fee + Registered Office
261|294|SR|Fee|SecFee|12|840|31/10/2018|Secretarial Fee + Registered Office
267|300|SR|Fee|SecFee|12|840|15/09/2018|Secretarial Fee + Registered Office
259|292|SR|Fee|SecFee|12|840|10/01/2019|Secretarial Fee + Registered Office
271|304|SR|Fee|SecFee|12|840|13/01/2019|Secretarial Fee + Registered Office
253|286|SR|Fee|SecFee|12|840|12/06/2018|Secretarial Fee + Registered Office
254|287|SR|Fee|SecFee|12|840|27/08/2018|Secretarial Fee + Registered Office
268|301|SR|Fee|SecFee|12|840|29/05/2018|Secretarial Fee + Registered Office
325|360|SR|Fee|SecFee|12|840|04/01/2019|Secretarial Fee + Registered Office
272|305|SR|Fee|SecFee|12|840|22/08/2018|Secretarial Fee + Registered Office
273|306|SR|Fee|SecFee|12|840|02/06/2018|Secretarial Fee + Registered Office
274|307|SR|Fee|SecFee|12|840|17/07/2018|Secretarial Fee + Registered Office
288|322|SR|Fee|SecFee|12|840|10/01/2019|Secretarial Fee + Registered Office
282|315|SR|Fee|SecFee|12|840|14/06/2018|Secretarial Fee + Registered Office
284|317|SR|Fee|SecFee|12|840|14/07/2018|Secretarial Fee + Registered Office
290|325|SR|Fee|SecFee|12|840|12/07/2018|Secretarial Fee + Registered Office
293|328|SR|Fee|SecFee|12|840|06/09/2018|Secretarial Fee + Registered Office
294|329|SR|Fee|SecFee|12|840|01/06/2018|Secretarial Fee + Registered Office
295|330|SR|Fee|SecFee|12|840|09/08/2018|Secretarial Fee + Registered Office
297|332|SR|Fee|SecFee|12|840|18/08/2018|Secretarial Fee + Registered Office
298|333|SR|Fee|SecFee|12|840|28/05/2018|Secretarial Fee + Registered Office
299|334|SR|Fee|SecFee|12|840|29/05/2018|Secretarial Fee + Registered Office
300|335|SR|Fee|SecFee|12|840|31/05/2018|Secretarial Fee + Registered Office
292|327|SR|Fee|SecFee|12|840|11/01/2019|Secretarial Fee + Registered Office
692|773|SR|Fee|SecFee|12|840|23/11/2018|Secretarial Fee + Registered Office
262|295|SR|Fee|SecFee|12|840|10/01/2019|Secretarial Fee + Registered Office
285|319|SR|Fee|SecFee|12|840|23/01/2019|Secretarial Fee + Registered Office
309|344|SR|Fee|SecFee|12|840|11/08/2018|Secretarial Fee + Registered Office
313|348|SR|Fee|SecFee|12|840|09/06/2018|Secretarial Fee + Registered Office
315|350|SR|Fee|SecFee|12|840|30/05/2018|Secretarial Fee + Registered Office
317|352|SR|Fee|SecFee|12|840|15/08/2018|Secretarial Fee + Registered Office
319|354|SR|Fee|SecFee|12|840|23/05/2018|Secretarial Fee + Registered Office
321|356|SR|Fee|SecFee|12|840|29/07/2018|Secretarial Fee + Registered Office
322|357|SR|Fee|SecFee|12|840|01/09/2018|Secretarial Fee + Registered Office
327|362|SR|Fee|SecFee|12|840|06/09/2018|Secretarial Fee + Registered Office
328|363|SR|Fee|SecFee|12|840|02/09/2018|Secretarial Fee + Registered Office
332|367|SR|Fee|SecFee|12|840|15/06/2018|Secretarial Fee + Registered Office
333|368|SR|Fee|SecFee|12|840|11/07/2018|Secretarial Fee + Registered Office
258|291|SR|Fee|SecFee|12|840|27/01/2019|Secretarial Fee + Registered Office
286|320|SR|Fee|SecFee|12|840|05/02/2019|Secretarial Fee + Registered Office
296|331|SR|Fee|SecFee|12|840|07/02/2019|Secretarial Fee + Registered Office
270|303|SR|Fee|SecFee|12|840|01/03/2019|Secretarial Fee + Registered Office
283|316|SR|Fee|SecFee|12|840|04/03/2019|Secretarial Fee + Registered Office
265|298|SR|Fee|SecFee|12|840|12/03/2019|Secretarial Fee + Registered Office
19|27|SR|Fee|SecFee|12|840|11/12/2015|Secretarial Fee + Registered Office
691|772|SR|Fee|SecFee|12|840|13/01/2019|Secretarial Fee + Registered Office
247|280|SR|Fee|SecFee|12|840|13/03/2019|Secretarial Fee + Registered Office
305|340|SR|Fee|SecFee|12|840|14/03/2019|Secretarial Fee + Registered Office
329|364|SR|Fee|SecFee|12|840|14/03/2019|Secretarial Fee + Registered Office
279|312|SR|Fee|SecFee|12|840|01/04/2019|Secretarial Fee + Registered Office
266|299|SR|Fee|SecFee|12|840|16/03/2020|Secretarial Fee + Registered Office
291|326|SR|Fee|SecFee|12|840|02/04/2019|Secretarial Fee + Registered Office
239|272|SR|Fee|SecFee|12|840|03/04/2019|Secretarial Fee + Registered Office
318|353|SR|Fee|SecFee|12|840|03/04/2019|Secretarial Fee + Registered Office
330|365|SR|Fee|SecFee|12|840|06/04/2019|Secretarial Fee + Registered Office
275|308|SR|Fee|SecFee|12|840|07/04/2019|Secretarial Fee + Registered Office
255|288|SR|Fee|SecFee|12|840|07/04/2019|Secretarial Fee + Registered Office
326|361|SR|Fee|SecFee|12|840|12/04/2019|Secretarial Fee + Registered Office
303|338|SR|Fee|SecFee|12|840|20/04/2019|Secretarial Fee + Registered Office
324|359|SR|Fee|SecFee|12|840|23/04/2019|Secretarial Fee + Registered Office
287|321|SR|Fee|SecFee|12|840|28/04/2019|Secretarial Fee + Registered Office
307|342|SR|Fee|SecFee|12|840|05/05/2019|Secretarial Fee + Registered Office
281|314|SR|Fee|SecFee|12|1200|07/05/2019|Secretarial Fee + Registered Office
308|343|SR|Fee|SecFee|12|840|14/05/2019|Secretarial Fee + Registered Office
337|372|SR|Fee|SecFee|12|840|04/05/2018|Secretarial Fee + Registered Office
338|373|SR|Fee|SecFee|12|840|27/07/2018|Secretarial Fee + Registered Office
341|376|SR|Fee|SecFee|12|840|21/07/2018|Secretarial Fee + Registered Office
342|377|SR|Fee|SecFee|12|840|20/06/2018|Secretarial Fee + Registered Office
248|281|SR|Fee|SecFee|12|840|25/09/2018|Secretarial Fee + Registered Office
343|378|SR|Fee|SecFee|12|840|20/06/2018|Secretarial Fee + Registered Office
41|50|SR|Fee|SecFee|12|840|01/01/2019|Secretarial Fee + Registered Office
693|770|SR|Fee|SecFee|12|840|08/01/2019|Secretarial Fee + Registered Office
345|380|SR|Fee|SecFee|12|840|05/01/2019|Secretarial Fee + Registered Office
364|400|SR|Fee|SecFee|12|840|08/01/2019|Secretarial Fee + Registered Office
349|385|SR|Fee|SecFee|12|840|22/08/2018|Secretarial Fee + Registered Office
424|460|SR|Fee|SecFee|12|840|10/01/2019|Secretarial Fee + Registered Office
694|774|SR|Fee|SecFee|12|840|18/08/2018|Secretarial Fee + Registered Office
356|392|SR|Fee|SecFee|12|840|05/09/2018|Secretarial Fee + Registered Office
363|399|SR|Fee|SecFee|12|840|12/01/2019|Secretarial Fee + Registered Office
400|436|SR|Fee|SecFee|12|840|20/01/2019|Secretarial Fee + Registered Office
383|419|SR|Fee|SecFee|12|840|20/01/2019|Secretarial Fee + Registered Office
362|398|SR|Fee|SecFee|12|840|09/06/2018|Secretarial Fee + Registered Office
367|403|SR|Fee|SecFee|12|840|16/05/2018|Secretarial Fee + Registered Office
368|404|SR|Fee|SecFee|12|840|15/08/2018|Secretarial Fee + Registered Office
371|407|SR|Fee|SecFee|12|840|06/08/2018|Secretarial Fee + Registered Office
373|409|SR|Fee|SecFee|12|840|10/06/2018|Secretarial Fee + Registered Office
374|410|SR|Fee|SecFee|12|840|18/06/2018|Secretarial Fee + Registered Office
376|412|SR|Fee|SecFee|12|840|23/05/2018|Secretarial Fee + Registered Office
380|416|SR|Fee|SecFee|12|840|13/07/2018|Secretarial Fee + Registered Office
382|418|SR|Fee|SecFee|12|840|21/04/2018|Secretarial Fee + Registered Office
386|422|SR|Fee|SecFee|12|840|09/09/2018|Secretarial Fee + Registered Office
391|427|SR|Fee|SecFee|12|840|15/07/2018|Secretarial Fee + Registered Office
392|428|SR|Fee|SecFee|12|840|17/08/2018|Secretarial Fee + Registered Office
393|429|SR|Fee|SecFee|12|840|22/06/2018|Secretarial Fee + Registered Office
395|431|SR|Fee|SecFee|12|840|24/08/2018|Secretarial Fee + Registered Office
399|435|SR|Fee|SecFee|12|840|16/07/2018|Secretarial Fee + Registered Office
401|437|SR|Fee|SecFee|12|840|28/05/2018|Secretarial Fee + Registered Office
402|438|SR|Fee|SecFee|12|840|04/08/2018|Secretarial Fee + Registered Office
405|441|SR|Fee|SecFee|12|840|29/07/2018|Secretarial Fee + Registered Office
408|444|SR|Fee|SecFee|12|840|03/06/2018|Secretarial Fee + Registered Office
409|445|SR|Fee|SecFee|12|840|01/07/2018|Secretarial Fee + Registered Office
410|446|SR|Fee|SecFee|12|840|02/07/2018|Secretarial Fee + Registered Office
411|447|SR|Fee|SecFee|12|840|07/06/2018|Secretarial Fee + Registered Office
413|449|SR|Fee|SecFee|12|840|24/06/2018|Secretarial Fee + Registered Office
415|451|SR|Fee|SecFee|12|840|26/08/2018|Secretarial Fee + Registered Office
420|456|SR|Fee|SecFee|12|840|31/08/2018|Secretarial Fee + Registered Office
426|462|SR|Fee|SecFee|12|840|19/06/2018|Secretarial Fee + Registered Office
430|466|SR|Fee|SecFee|12|840|15/08/2018|Secretarial Fee + Registered Office
428|464|SR|Fee|SecFee|12|840|14/12/2018|Secretarial Fee + Registered Office
429|465|SR|Fee|SecFee|12|840|24/10/2018|Secretarial Fee + Registered Office
432|468|SR|Fee|SecFee|12|840|16/01/2019|Secretarial Fee + Registered Office
427|463|SR|Fee|SecFee|12|840|21/05/2018|Secretarial Fee + Registered Office
431|467|SR|Fee|SecFee|12|840|22/06/2018|Secretarial Fee + Registered Office
459|495|SR|Fee|SecFee|12|840|20/01/2019|Secretarial Fee + Registered Office
438|474|SR|Fee|SecFee|12|840|11/06/2018|Secretarial Fee + Registered Office
348|383|SR|Fee|SecFee|12|840|01/02/2019|Secretarial Fee + Registered Office
366|402|SR|Fee|SecFee|12|840|17/02/2019|Secretarial Fee + Registered Office
381|417|SR|Fee|SecFee|12|840|18/02/2019|Secretarial Fee + Registered Office
378|414|SR|Fee|SecFee|12|840|23/02/2019|Secretarial Fee + Registered Office
396|432|SR|Fee|SecFee|12|840|06/03/2019|Secretarial Fee + Registered Office
377|413|SR|Fee|SecFee|12|840|27/01/2019|Secretarial Fee + Registered Office
412|448|SR|Fee|SecFee|12|840|28/02/2019|Secretarial Fee + Registered Office
433|469|SR|Fee|SecFee|12|840|14/03/2019|Secretarial Fee + Registered Office
372|408|SR|Fee|SecFee|12|840|14/03/2019|Secretarial Fee + Registered Office
353|389|SR|Fee|SecFee|12|840|20/03/2019|Secretarial Fee + Registered Office
346|381|SR|Fee|SecFee|12|840|24/03/2019|Secretarial Fee + Registered Office
435|471|SR|Fee|SecFee|12|840|24/03/2019|Secretarial Fee + Registered Office
369|405|SR|Fee|SecFee|12|840|25/03/2019|Secretarial Fee + Registered Office
365|401|SR|Fee|SecFee|12|840|25/03/2019|Secretarial Fee + Registered Office
387|423|SR|Fee|SecFee|12|840|31/03/2019|Secretarial Fee + Registered Office
357|393|SR|Fee|SecFee|12|840|02/04/2019|Secretarial Fee + Registered Office
388|424|SR|Fee|SecFee|12|840|06/04/2019|Secretarial Fee + Registered Office
419|455|SR|Fee|SecFee|12|840|23/04/2019|Secretarial Fee + Registered Office
425|461|SR|Fee|SecFee|12|840|23/04/2019|Secretarial Fee + Registered Office
354|390|SR|Fee|SecFee|12|840|26/04/2019|Secretarial Fee + Registered Office
404|440|SR|Fee|SecFee|12|840|28/04/2019|Secretarial Fee + Registered Office
360|396|SR|Fee|SecFee|12|840|28/04/2019|Secretarial Fee + Registered Office
390|426|SR|Fee|SecFee|12|840|28/04/2019|Secretarial Fee + Registered Office
350|386|SR|Fee|SecFee|12|840|07/05/2019|Secretarial Fee + Registered Office
418|454|SR|Fee|SecFee|12|840|12/05/2019|Secretarial Fee + Registered Office
440|476|SR|Fee|SecFee|12|840|16/08/2018|Secretarial Fee + Registered Office
442|478|SR|Fee|SecFee|12|780|01/08/2016|Secretarial Fee + Registered Office
443|479|SR|Fee|SecFee|12|840|31/07/2018|Secretarial Fee + Registered Office
445|481|SR|Fee|SecFee|12|840|17/08/2018|Secretarial Fee + Registered Office
446|482|SR|Fee|SecFee|12|840|17/05/2018|Secretarial Fee + Registered Office
447|483|SR|Fee|SecFee|12|840|29/08/2018|Secretarial Fee + Registered Office
448|484|SR|Fee|SecFee|12|840|31/05/2018|Secretarial Fee + Registered Office
449|485|SR|Fee|SecFee|12|840|22/06/2018|Secretarial Fee + Registered Office
450|486|SR|Fee|SecFee|12|840|18/07/2018|Secretarial Fee + Registered Office
453|489|SR|Fee|SecFee|12|840|07/07/2018|Secretarial Fee + Registered Office
455|491|SR|Fee|SecFee|12|840|30/08/2018|Secretarial Fee + Registered Office
458|494|SR|Fee|SecFee|12|840|06/07/2018|Secretarial Fee + Registered Office
460|496|SR|Fee|SecFee|12|840|29/06/2018|Secretarial Fee + Registered Office
462|498|SR|Fee|SecFee|12|840|09/08/2018|Secretarial Fee + Registered Office
463|499|SR|Fee|SecFee|12|840|16/08/2018|Secretarial Fee + Registered Office
465|501|SR|Fee|SecFee|12|840|26/07/2018|Secretarial Fee + Registered Office
466|502|SR|Fee|SecFee|12|840|09/09/2018|Secretarial Fee + Registered Office
468|506|SR|Fee|SecFee|12|840|23/07/2018|Secretarial Fee + Registered Office
471|511|SR|Fee|SecFee|12|840|01/07/2018|Secretarial Fee + Registered Office
485|526|SR|Fee|SecFee|12|840|17/06/2018|Secretarial Fee + Registered Office
488|529|SR|Fee|SecFee|12|840|10/06/2018|Secretarial Fee + Registered Office
491|533|SR|Fee|SecFee|12|840|01/06/2018|Secretarial Fee + Registered Office
492|534|SR|Fee|SecFee|12|840|12/07/2018|Secretarial Fee + Registered Office
494|536|SR|Fee|SecFee|12|840|01/07/2018|Secretarial Fee + Registered Office
502|544|SR|Fee|SecFee|12|840|01/09/2018|Secretarial Fee + Registered Office
504|546|SR|Fee|SecFee|12|840|30/06/2018|Secretarial Fee + Registered Office
505|547|SR|Fee|SecFee|12|840|22/08/2018|Secretarial Fee + Registered Office
510|552|SR|Fee|SecFee|12|840|28/08/2018|Secretarial Fee + Registered Office
584|629|SR|Fee|SecFee|12|840|06/01/2020|Secretarial Fee + Registered Office
516|558|SR|Fee|SecFee|12|840|01/07/2018|Secretarial Fee + Registered Office
517|559|SR|Fee|SecFee|12|840|03/08/2018|Secretarial Fee + Registered Office
554|598|SR|Fee|SecFee|12|840|16/01/2019|Secretarial Fee + Registered Office
520|564|SR|Fee|SecFee|12|840|13/07/2018|Secretarial Fee + Registered Office
522|566|SR|Fee|SecFee|12|840|10/08/2018|Secretarial Fee + Registered Office
523|567|SR|Fee|SecFee|12|840|26/07/2018|Secretarial Fee + Registered Office
524|568|SR|Fee|SecFee|12|840|17/06/2018|Secretarial Fee + Registered Office
568|612|SR|Fee|SecFee|12|840|21/01/2019|Secretarial Fee + Registered Office
527|571|SR|Fee|SecFee|12|840|27/06/2018|Secretarial Fee + Registered Office
530|574|SR|Fee|SecFee|12|840|06/07/2018|Secretarial Fee + Registered Office
531|575|SR|Fee|SecFee|12|840|26/07/2018|Secretarial Fee + Registered Office
532|576|SR|Fee|SecFee|12|840|26/06/2018|Secretarial Fee + Registered Office
536|580|SR|Fee|SecFee|12|840|01/09/2018|Secretarial Fee + Registered Office
537|581|SR|Fee|SecFee|12|840|14/07/2018|Secretarial Fee + Registered Office
540|584|SR|Fee|SecFee|12|840|07/05/2018|Secretarial Fee + Registered Office
543|587|SR|Fee|SecFee|12|840|05/08/2018|Secretarial Fee + Registered Office
514|556|SR|Fee|SecFee|12|840|10/02/2019|Secretarial Fee + Registered Office
498|540|SR|Fee|SecFee|12|840|12/02/2019|Secretarial Fee + Registered Office
533|577|SR|Fee|SecFee|12|840|17/02/2019|Secretarial Fee + Registered Office
521|565|SR|Fee|SecFee|12|840|20/02/2019|Secretarial Fee + Registered Office
528|572|SR|Fee|SecFee|12|840|22/02/2019|Secretarial Fee + Registered Office
499|541|SR|Fee|SecFee|12|840|27/02/2019|Secretarial Fee + Registered Office
529|573|SR|Fee|SecFee|12|840|27/02/2019|Secretarial Fee + Registered Office
542|586|SR|Fee|SecFee|12|840|05/03/2019|Secretarial Fee + Registered Office
474|515|SR|Fee|SecFee|12|840|07/03/2019|Secretarial Fee + Registered Office
473|514|SR|Fee|SecFee|12|840|07/03/2019|Secretarial Fee + Registered Office
475|516|SR|Fee|SecFee|12|840|07/03/2019|Secretarial Fee + Registered Office
461|497|SR|Fee|SecFee|12|840|22/03/2019|Secretarial Fee + Registered Office
477|518|SR|Fee|SecFee|12|840|02/04/2019|Secretarial Fee + Registered Office
501|543|SR|Fee|SecFee|12|840|09/04/2019|Secretarial Fee + Registered Office
539|583|SR|Fee|SecFee|12|840|14/04/2019|Secretarial Fee + Registered Office
467|505|SR|Fee|SecFee|12|840|16/04/2019|Secretarial Fee + Registered Office
456|492|SR|Fee|SecFee|12|840|17/04/2019|Secretarial Fee + Registered Office
496|538|SR|Fee|SecFee|12|840|24/04/2019|Secretarial Fee + Registered Office
506|548|SR|Fee|SecFee|12|840|27/04/2019|Secretarial Fee + Registered Office
487|528|SR|Fee|SecFee|12|840|30/04/2019|Secretarial Fee + Registered Office
451|487|SR|Fee|SecFee|12|840|10/05/2019|Secretarial Fee + Registered Office
480|521|SR|Fee|SecFee|12|840|13/05/2019|Secretarial Fee + Registered Office
500|542|SR|Fee|SecFee|12|840|13/05/2019|Secretarial Fee + Registered Office
544|588|SR|Fee|SecFee|12|840|14/05/2019|Secretarial Fee + Registered Office
545|589|SR|Fee|SecFee|12|840|26/07/2018|Secretarial Fee + Registered Office
560|604|SR|Fee|SecFee|12|840|20/08/2018|Secretarial Fee + Registered Office
563|607|SR|Fee|SecFee|12|840|19/05/2018|Secretarial Fee + Registered Office
564|608|SR|Fee|SecFee|12|840|01/06/2018|Secretarial Fee + Registered Office
565|609|SR|Fee|SecFee|12|840|14/06/2018|Secretarial Fee + Registered Office
577|622|SR|Fee|SecFee|12|840|22/06/2018|Secretarial Fee + Registered Office
578|623|SR|Fee|SecFee|12|840|05/08/2018|Secretarial Fee + Registered Office
580|625|SR|Fee|SecFee|12|840|31/08/2018|Secretarial Fee + Registered Office
586|631|SR|Fee|SecFee|12|840|07/07/2018|Secretarial Fee + Registered Office
593|638|SR|Fee|SecFee|12|840|10/09/2018|Secretarial Fee + Registered Office
197|227|SR|Fee|SecFee|12|840|01/01/2019|Secretarial Fee + Registered Office
603|650|SR|Fee|SecFee|12|840|02/01/2019|Secretarial Fee + Registered Office
602|648|SR|Fee|SecFee|12|840|05/12/2018|Secretarial Fee + Registered Office
198|228|SR|Fee|SecFee|12|840|31/12/2018|Secretarial Fee + Registered Office
599|645|SR|Fee|SecFee|12|840|04/01/2019|Secretarial Fee + Registered Office
611|660|SR|Fee|SecFee|12|840|06/01/2019|Secretarial Fee + Registered Office
646|695|SR|Fee|SecFee|12|840|16/01/2019|Secretarial Fee + Registered Office
608|657|SR|Fee|SecFee|12|840|27/05/2018|Secretarial Fee + Registered Office
639|688|SR|Fee|SecFee|12|840|20/01/2019|Secretarial Fee + Registered Office
610|659|SR|Fee|SecFee|12|840|25/06/2018|Secretarial Fee + Registered Office
612|661|SR|Fee|SecFee|12|840|01/09/2018|Secretarial Fee + Registered Office
617|666|SR|Fee|SecFee|12|840|28/07/2018|Secretarial Fee + Registered Office
626|675|SR|Fee|SecFee|12|840|26/05/2018|Secretarial Fee + Registered Office
629|678|SR|Fee|SecFee|12|840|09/08/2018|Secretarial Fee + Registered Office
640|689|SR|Fee|SecFee|12|840|10/08/2018|Secretarial Fee + Registered Office
641|690|SR|Fee|SecFee|12|840|26/06/2018|Secretarial Fee + Registered Office
644|693|SR|Fee|SecFee|12|840|04/07/2018|Secretarial Fee + Registered Office
645|694|SR|Fee|SecFee|12|840|26/08/2018|Secretarial Fee + Registered Office
650|699|SR|Fee|SecFee|12|840|16/07/2018|Secretarial Fee + Registered Office
651|700|SR|Fee|SecFee|12|840|19/08/2018|Secretarial Fee + Registered Office
653|702|SR|Fee|SecFee|12|840|29/06/2018|Secretarial Fee + Registered Office
659|708|SR|Fee|SecFee|12|840|14/06/2018|Secretarial Fee + Registered Office
663|712|SR|Fee|SecFee|12|840|16/08/2018|Secretarial Fee + Registered Office
607|656|SR|Fee|SecFee|12|840|30/01/2019|Secretarial Fee + Registered Office
596|641|SR|Fee|SecFee|6|420|01/08/2018|Secretarial Fee + Registered Office
546|590|SR|Fee|SecFee|12|840|01/02/2019|Secretarial Fee + Registered Office
656|705|SR|Fee|SecFee|12|840|02/02/2019|Secretarial Fee + Registered Office
633|682|SR|Fee|SecFee|12|840|11/02/2019|Secretarial Fee + Registered Office
598|644|SR|Fee|SecFee|12|840|15/02/2019|Secretarial Fee + Registered Office
594|639|SR|Fee|SecFee|12|840|18/02/2019|Secretarial Fee + Registered Office
643|692|SR|Fee|SecFee|12|840|19/02/2019|Secretarial Fee + Registered Office
550|594|SR|Fee|SecFee|12|840|19/02/2019|Secretarial Fee + Registered Office
548|592|SR|Fee|SecFee|12|840|27/02/2019|Secretarial Fee + Registered Office
613|662|SR|Fee|SecFee|12|840|05/03/2019|Secretarial Fee + Registered Office
583|628|SR|Fee|SecFee|12|840|11/03/2019|Secretarial Fee + Registered Office
595|640|SR|Fee|SecFee|12|840|05/03/2020|Secretarial Fee + Registered Office
591|636|SR|Fee|SecFee|12|840|07/03/2019|Secretarial Fee + Registered Office
570|614|SR|Fee|SecFee|12|840|15/03/2019|Secretarial Fee + Registered Office
576|621|SR|Fee|SecFee|12|840|19/03/2019|Secretarial Fee + Registered Office
589|634|SR|Fee|SecFee|12|840|20/03/2019|Secretarial Fee + Registered Office
579|624|SR|Fee|SecFee|12|840|21/03/2019|Secretarial Fee + Registered Office
654|703|SR|Fee|SecFee|12|840|21/03/2019|Secretarial Fee + Registered Office
624|673|SR|Fee|SecFee|12|840|22/03/2019|Secretarial Fee + Registered Office
567|611|SR|Fee|SecFee|12|840|24/03/2019|Secretarial Fee + Registered Office
620|669|SR|Fee|SecFee|12|840|25/03/2019|Secretarial Fee + Registered Office
649|698|SR|Fee|SecFee|12|840|27/03/2019|Secretarial Fee + Registered Office
661|710|SR|Fee|SecFee|12|840|27/03/2019|Secretarial Fee + Registered Office
553|597|SR|Fee|SecFee|12|840|28/03/2019|Secretarial Fee + Registered Office
559|603|SR|Fee|SecFee|12|840|31/03/2019|Secretarial Fee + Registered Office
581|626|SR|Fee|SecFee|12|840|31/03/2019|Secretarial Fee + Registered Office
547|591|SR|Fee|SecFee|12|840|02/04/2019|Secretarial Fee + Registered Office
549|593|SR|Fee|SecFee|12|840|04/04/2019|Secretarial Fee + Registered Office
616|665|SR|Fee|SecFee|12|840|09/04/2019|Secretarial Fee + Registered Office
573|617|SR|Fee|SecFee|12|840|10/04/2019|Secretarial Fee + Registered Office
566|610|SR|Fee|SecFee|12|840|12/04/2019|Secretarial Fee + Registered Office
562|606|SR|Fee|SecFee|12|840|15/04/2019|Secretarial Fee + Registered Office
621|670|SR|Fee|SecFee|12|840|17/04/2019|Secretarial Fee + Registered Office
632|681|SR|Fee|SecFee|12|840|22/04/2019|Secretarial Fee + Registered Office
652|701|SR|Fee|SecFee|12|840|23/04/2019|Secretarial Fee + Registered Office
569|613|SR|Fee|SecFee|12|840|30/04/2019|Secretarial Fee + Registered Office
606|655|SR|Fee|SecFee|12|840|02/05/2019|Secretarial Fee + Registered Office
552|596|SR|Fee|SecFee|12|840|03/05/2019|Secretarial Fee + Registered Office
575|620|SR|Fee|SecFee|12|840|04/05/2019|Secretarial Fee + Registered Office
551|595|SR|Fee|SecFee|12|840|08/05/2019|Secretarial Fee + Registered Office
666|715|SR|Fee|SecFee|12|840|10/04/2018|Secretarial Fee + Registered Office
668|718|SR|Fee|SecFee|12|840|29/05/2018|Secretarial Fee + Registered Office
671|721|SR|Fee|SecFee|12|840|16/10/2018|Secretarial Fee + Registered Office
673|723|SR|Fee|SecFee|12|840|28/09/2018|Secretarial Fee + Registered Office
675|725|SR|Fee|SecFee|12|840|03/09/2018|Secretarial Fee + Registered Office
676|726|SR|Fee|SecFee|12|840|09/09/2018|Secretarial Fee + Registered Office
236|269|SR|Fee|SecFee|12|840|27/10/2018|Secretarial Fee + Registered Office
678|729|SR|Fee|SecFee|12|840|14/09/2018|Secretarial Fee + Registered Office
679|728|SR|Fee|SecFee|12|840|28/11/2018|Secretarial Fee + Registered Office
680|731|SR|Fee|SecFee|12|840|05/12/2018|Secretarial Fee + Registered Office
681|464|SR|Fee|RA|12|1800|14/12/2018|Residential Address
278|311|SR|Fee|SecFee|12|840|19/09/2018|Secretarial Fee + Registered Office
107|128|SR|Fee|SecFee|12|840|25/11/2018|Secretarial Fee + Registered Office
682|738|SR|Fee|SecFee|12|840|21/12/2018|Secretarial Fee + Registered Office
683|746|SR|Fee|SecFee|12|840|06/12/2018|Secretarial Fee + Registered Office
6|11|SR|Fee|SecFee|12|840|12/11/2018|Secretarial Fee + Registered Office
4|8|SR|Fee|SecFee|12|840|28/10/2018|Secretarial Fee + Registered Office
3|7|SR|Fee|SecFee|12|840|30/11/2018|Secretarial Fee + Registered Office
13|21|SR|Fee|SecFee|12|840|18/12/2018|Secretarial Fee + Registered Office
15|23|SR|Fee|SecFee|12|840|16/12/2018|Secretarial Fee + Registered Office
18|26|SR|Fee|SecFee|12|840|19/10/2018|Secretarial Fee + Registered Office
21|29|SR|Fee|SecFee|12|840|13/11/2018|Secretarial Fee + Registered Office
28|37|SR|Fee|SecFee|12|840|18/09/2018|Secretarial Fee + Registered Office
37|46|SR|Fee|SecFee|12|840|25/11/2018|Secretarial Fee + Registered Office
38|47|SR|Fee|SecFee|12|840|10/12/2018|Secretarial Fee + Registered Office
39|48|SR|Fee|SecFee|12|840|12/11/2018|Secretarial Fee + Registered Office
44|53|SR|Fee|SecFee|12|840|16/11/2018|Secretarial Fee + Registered Office
52|64|SR|Fee|SecFee|12|840|23/12/2018|Secretarial Fee + Registered Office
53|65|SR|Fee|SecFee|12|840|02/11/2018|Secretarial Fee + Registered Office
54|66|SR|Fee|SecFee|12|840|03/11/2018|Secretarial Fee + Registered Office
62|74|SR|Fee|SecFee|12|840|25/11/2018|Secretarial Fee + Registered Office
63|75|SR|Fee|SecFee|12|840|26/10/2018|Secretarial Fee + Registered Office
64|76|SR|Fee|SecFee|12|840|04/12/2018|Secretarial Fee + Registered Office
66|78|SR|Fee|SecFee|12|840|04/11/2018|Secretarial Fee + Registered Office
67|79|SR|Fee|SecFee|12|840|07/12/2018|Secretarial Fee + Registered Office
68|80|SR|Fee|SecFee|12|840|10/10/2018|Secretarial Fee + Registered Office
69|81|SR|Fee|SecFee|12|840|05/11/2018|Secretarial Fee + Registered Office
71|83|SR|Fee|SecFee|12|840|27/09/2018|Secretarial Fee + Registered Office
77|98|SR|Fee|SecFee|12|840|13/09/2018|Secretarial Fee + Registered Office
78|99|SR|Fee|SecFee|12|840|17/10/2018|Secretarial Fee + Registered Office
81|102|SR|Fee|SecFee|12|840|27/11/2018|Secretarial Fee + Registered Office
88|109|SR|Fee|SecFee|12|840|01/10/2018|Secretarial Fee + Registered Office
91|112|SR|Fee|SecFee|12|840|21/09/2018|Secretarial Fee + Registered Office
92|113|SR|Fee|SecFee|12|840|15/09/2018|Secretarial Fee + Registered Office
93|114|SR|Fee|SecFee|12|840|19/10/2018|Secretarial Fee + Registered Office
98|119|SR|Fee|SecFee|12|840|28/11/2018|Secretarial Fee + Registered Office
99|120|SR|Fee|SecFee|12|840|16/10/2018|Secretarial Fee + Registered Office
101|122|SR|Fee|SecFee|12|840|07/11/2018|Secretarial Fee + Registered Office
108|129|SR|Fee|SecFee|12|840|13/12/2018|Secretarial Fee + Registered Office
111|132|SR|Fee|SecFee|12|840|22/09/2018|Secretarial Fee + Registered Office
117|138|SR|Fee|SecFee|12|840|16/10/2018|Secretarial Fee + Registered Office
122|143|SR|Fee|SecFee|12|840|21/11/2018|Secretarial Fee + Registered Office
130|153|SR|Fee|SecFee|12|840|28/11/2018|Secretarial Fee + Registered Office
135|160|SR|Fee|SecFee|12|840|07/11/2018|Secretarial Fee + Registered Office
136|161|SR|Fee|SecFee|12|840|08/10/2018|Secretarial Fee + Registered Office
148|176|SR|Fee|SecFee|12|840|11/10/2018|Secretarial Fee + Registered Office
150|178|SR|Fee|SecFee|12|840|07/11/2018|Secretarial Fee + Registered Office
151|179|SR|Fee|SecFee|12|840|16/12/2018|Secretarial Fee + Registered Office
155|184|SR|Fee|SecFee|12|840|09/10/2018|Secretarial Fee + Registered Office
160|189|SR|Fee|SecFee|12|840|26/12/2018|Secretarial Fee + Registered Office
162|191|SR|Fee|SecFee|12|840|11/12/2018|Secretarial Fee + Registered Office
163|192|SR|Fee|SecFee|12|840|25/12/2018|Secretarial Fee + Registered Office
167|197|SR|Fee|SecFee|12|840|30/12/2018|Secretarial Fee + Registered Office
168|198|SR|Fee|SecFee|12|840|23/11/2018|Secretarial Fee + Registered Office
169|199|SR|Fee|SecFee|12|840|25/12/2018|Secretarial Fee + Registered Office
175|205|SR|Fee|SecFee|12|840|01/12/2018|Secretarial Fee + Registered Office
176|206|SR|Fee|SecFee|12|840|09/11/2018|Secretarial Fee + Registered Office
177|207|SR|Fee|SecFee|12|840|23/11/2018|Secretarial Fee + Registered Office
180|210|SR|Fee|SecFee|12|840|01/11/2018|Secretarial Fee + Registered Office
184|214|SR|Fee|SecFee|12|840|29/09/2018|Secretarial Fee + Registered Office
185|215|SR|Fee|SecFee|12|840|03/11/2018|Secretarial Fee + Registered Office
188|218|SR|Fee|SecFee|12|840|25/10/2018|Secretarial Fee + Registered Office
677|727|SR|Fee|SecFee|12|840|01/03/2019|Secretarial Fee + Registered Office
685|750|SR|Fee|SecFee|12|840|28/02/2019|Secretarial Fee + Registered Office
674|724|SR|Fee|SecFee|12|840|30/03/2019|Secretarial Fee + Registered Office
672|722|SR|Fee|SecFee|12|840|07/04/2019|Secretarial Fee + Registered Office
79|100|SR|Fee|SecFee|6|420|23/10/2018|Secretarial Fee + Registered Office
665|714|SR|Fee|SecFee|12|840|03/05/2019|Secretarial Fee + Registered Office
667|717|SR|Fee|SecFee|12|840|14/05/2019|Secretarial Fee + Registered Office
189|219|SR|Fee|SecFee|12|840|29/09/2018|Secretarial Fee + Registered Office
190|220|SR|Fee|SecFee|12|840|03/11/2018|Secretarial Fee + Registered Office
191|221|SR|Fee|SecFee|12|840|29/09/2018|Secretarial Fee + Registered Office
195|225|SR|Fee|SecFee|12|840|03/11/2018|Secretarial Fee + Registered Office
200|230|SR|Fee|SecFee|12|840|16/09/2018|Secretarial Fee + Registered Office
202|232|SR|Fee|SecFee|12|840|20/09/2018|Secretarial Fee + Registered Office
206|236|SR|Fee|SecFee|12|840|07/10/2018|Secretarial Fee + Registered Office
207|237|SR|Fee|SecFee|12|840|16/09/2018|Secretarial Fee + Registered Office
211|244|SR|Fee|SecFee|12|840|17/09/2018|Secretarial Fee + Registered Office
212|245|SR|Fee|SecFee|12|840|19/09/2018|Secretarial Fee + Registered Office
219|252|SR|Fee|SecFee|12|840|30/11/2018|Secretarial Fee + Registered Office
221|254|SR|Fee|SecFee|12|840|19/09/2018|Secretarial Fee + Registered Office
223|256|SR|Fee|SecFee|12|840|29/10/2018|Secretarial Fee + Registered Office
269|302|SR|Fee|SecFee|12|840|03/11/2018|Secretarial Fee + Registered Office
289|323|SR|Fee|SecFee|12|840|03/10/2018|Secretarial Fee + Registered Office
301|336|SR|Fee|SecFee|12|840|14/12/2018|Secretarial Fee + Registered Office
304|339|SR|Fee|SecFee|12|840|21/09/2018|Secretarial Fee + Registered Office
306|341|SR|Fee|SecFee|12|840|30/11/2018|Secretarial Fee + Registered Office
312|347|SR|Fee|SecFee|12|840|27/09/2018|Secretarial Fee + Registered Office
323|358|SR|Fee|SecFee|12|840|08/10/2018|Secretarial Fee + Registered Office
331|366|SR|Fee|SecFee|12|840|24/10/2018|Secretarial Fee + Registered Office
335|370|SR|Fee|SecFee|12|840|20/10/2018|Secretarial Fee + Registered Office
339|374|SR|Fee|SecFee|12|840|29/11/2018|Secretarial Fee + Registered Office
344|379|SR|Fee|SecFee|12|840|28/10/2018|Secretarial Fee + Registered Office
347|382|SR|Fee|SecFee|12|840|04/10/2018|Secretarial Fee + Registered Office
351|387|SR|Fee|SecFee|12|840|17/09/2018|Secretarial Fee + Registered Office
352|388|SR|Fee|SecFee|12|840|23/09/2018|Secretarial Fee + Registered Office
358|394|SR|Fee|SecFee|12|840|04/12/2018|Secretarial Fee + Registered Office
359|395|SR|Fee|SecFee|12|840|29/11/2018|Secretarial Fee + Registered Office
361|397|SR|Fee|SecFee|12|840|02/10/2018|Secretarial Fee + Registered Office
370|406|SR|Fee|SecFee|12|840|07/12/2018|Secretarial Fee + Registered Office
375|411|SR|Fee|SecFee|12|840|18/11/2018|Secretarial Fee + Registered Office
379|415|SR|Fee|SecFee|12|840|03/11/2018|Secretarial Fee + Registered Office
384|420|SR|Fee|SecFee|12|840|05/10/2018|Secretarial Fee + Registered Office
389|425|SR|Fee|SecFee|12|840|13/09/2018|Secretarial Fee + Registered Office
403|439|SR|Fee|SecFee|12|840|21/11/2018|Secretarial Fee + Registered Office
434|470|SR|Fee|SecFee|12|840|12/10/2018|Secretarial Fee + Registered Office
436|472|SR|Fee|SecFee|12|840|21/10/2018|Secretarial Fee + Registered Office
439|475|SR|Fee|SecFee|12|840|20/09/2018|Secretarial Fee + Registered Office
444|480|SR|Fee|SecFee|12|840|17/09/2018|Secretarial Fee + Registered Office
452|488|SR|Fee|SecFee|12|840|19/09/2018|Secretarial Fee + Registered Office
454|490|SR|Fee|SecFee|12|840|25/09/2018|Secretarial Fee + Registered Office
469|508|SR|Fee|SecFee|12|840|11/11/2018|Secretarial Fee + Registered Office
470|510|SR|Fee|SecFee|12|840|15/10/2018|Secretarial Fee + Registered Office
472|512|SR|Fee|SecFee|12|840|07/11/2018|Secretarial Fee + Registered Office
489|530|SR|Fee|SecFee|12|840|30/09/2018|Secretarial Fee + Registered Office
490|531|SR|Fee|SecFee|12|840|30/09/2018|Secretarial Fee + Registered Office
493|535|SR|Fee|SecFee|12|840|20/09/2018|Secretarial Fee + Registered Office
495|537|SR|Fee|SecFee|12|840|23/12/2018|Secretarial Fee + Registered Office
503|545|SR|Fee|SecFee|12|840|01/10/2018|Secretarial Fee + Registered Office
508|550|SR|Fee|SecFee|12|840|14/09/2018|Secretarial Fee + Registered Office
511|553|SR|Fee|SecFee|12|840|06/10/2018|Secretarial Fee + Registered Office
512|554|SR|Fee|SecFee|12|840|28/11/2018|Secretarial Fee + Registered Office
513|555|SR|Fee|SecFee|12|840|22/12/2018|Secretarial Fee + Registered Office
515|557|SR|Fee|SecFee|12|840|06/12/2018|Secretarial Fee + Registered Office
519|563|SR|Fee|SecFee|12|840|01/11/2018|Secretarial Fee + Registered Office
525|569|SR|Fee|SecFee|12|840|10/11/2018|Secretarial Fee + Registered Office
526|570|SR|Fee|SecFee|12|840|22/12/2018|Secretarial Fee + Registered Office
534|578|SR|Fee|SecFee|12|840|23/09/2018|Secretarial Fee + Registered Office
555|599|SR|Fee|SecFee|12|840|19/10/2018|Secretarial Fee + Registered Office
556|600|SR|Fee|SecFee|12|840|11/09/2018|Secretarial Fee + Registered Office
572|616|SR|Fee|SecFee|12|840|20/09/2018|Secretarial Fee + Registered Office
574|619|SR|Fee|SecFee|12|840|26/09/2018|Secretarial Fee + Registered Office
587|632|SR|Fee|SecFee|12|840|31/10/2018|Secretarial Fee + Registered Office
590|635|SR|Fee|SecFee|12|840|14/09/2018|Secretarial Fee + Registered Office
592|637|SR|Fee|SecFee|12|840|01/12/2018|Secretarial Fee + Registered Office
597|643|SR|Fee|SecFee|12|840|24/10/2018|Secretarial Fee + Registered Office
600|646|SR|Fee|SecFee|12|840|05/10/2018|Secretarial Fee + Registered Office
601|647|SR|Fee|SecFee|12|840|27/10/2018|Secretarial Fee + Registered Office
635|684|SR|Fee|SecFee|12|840|20/11/2018|Secretarial Fee + Registered Office
648|697|SR|Fee|SecFee|12|840|17/10/2018|Secretarial Fee + Registered Office
658|707|SR|Fee|SecFee|12|840|14/11/2018|Secretarial Fee + Registered Office
670|720|SR|Fee|SecFee|12|840|22/11/2018|Secretarial Fee + Registered Office
302|337|SR|Fee|SecFee|12|840|09/11/2018|Secretarial Fee + Registered Office
213|246|SR|Fee|SecFee|12|840|30/12/2018|Secretarial Fee + Registered Office
642|691|SR|Fee|SecFee|12|840|09/11/2018|Secretarial Fee + Registered Office
437|473|SR|Fee|SecFee|12|840|01/01/2019|Secretarial Fee + Registered Office
336|371|SR|Fee|SecFee|12|840|27/08/2018|Secretarial Fee + Registered Office
229|262|SR|Fee|SecFee|12|840|06/12/2018|Secretarial Fee + Registered Office
230|263|SR|Fee|SecFee|12|840|09/12/2018|Secretarial Fee + Registered Office
240|273|SR|Fee|SecFee|12|840|29/10/2018|Secretarial Fee + Registered Office
242|275|SR|Fee|SecFee|12|840|30/09/2018|Secretarial Fee + Registered Office
276|309|SR|Fee|SecFee|12|840|19/09/2018|Secretarial Fee + Registered Office
277|310|SR|Fee|SecFee|12|840|05/10/2018|Secretarial Fee + Registered Office
280|313|SR|Fee|SecFee|12|840|09/12/2018|Secretarial Fee + Registered Office
320|355|SR|Fee|SecFee|12|840|19/09/2018|Secretarial Fee + Registered Office
340|375|SR|Fee|SecFee|12|840|22/09/2018|Secretarial Fee + Registered Office
394|430|SR|Fee|SecFee|12|840|10/11/2018|Secretarial Fee + Registered Office
397|433|SR|Fee|SecFee|12|840|24/10/2018|Secretarial Fee + Registered Office
398|434|SR|Fee|SecFee|12|840|19/11/2018|Secretarial Fee + Registered Office
407|443|SR|Fee|SecFee|12|840|28/11/2018|Secretarial Fee + Registered Office
414|450|SR|Fee|SecFee|12|840|18/09/2018|Secretarial Fee + Registered Office
416|452|SR|Fee|SecFee|12|840|29/11/2018|Secretarial Fee + Registered Office
421|457|SR|Fee|SecFee|12|840|30/11/2018|Secretarial Fee + Registered Office
422|458|SR|Fee|SecFee|12|840|12/11/2018|Secretarial Fee + Registered Office
457|493|SR|Fee|SecFee|12|840|03/11/2018|Secretarial Fee + Registered Office
464|500|SR|Fee|SecFee|12|840|05/12/2018|Secretarial Fee + Registered Office
538|582|SR|Fee|SecFee|12|840|29/09/2018|Secretarial Fee + Registered Office
541|585|SR|Fee|SecFee|12|840|30/09/2018|Secretarial Fee + Registered Office
557|601|SR|Fee|SecFee|12|840|08/10/2018|Secretarial Fee + Registered Office
558|602|SR|Fee|SecFee|12|840|19/09/2018|Secretarial Fee + Registered Office
561|605|SR|Fee|SecFee|12|840|30/11/2018|Secretarial Fee + Registered Office
571|615|SR|Fee|SecFee|12|840|18/09/2018|Secretarial Fee + Registered Office
582|627|SR|Fee|SecFee|12|840|14/11/2018|Secretarial Fee + Registered Office
585|630|SR|Fee|SecFee|12|840|13/10/2018|Secretarial Fee + Registered Office
588|633|SR|Fee|SecFee|12|840|04/10/2018|Secretarial Fee + Registered Office
604|653|SR|Fee|SecFee|12|840|16/12/2018|Secretarial Fee + Registered Office
609|658|SR|Fee|SecFee|12|840|16/11/2018|Secretarial Fee + Registered Office
614|663|SR|Fee|SecFee|12|840|21/11/2018|Secretarial Fee + Registered Office
618|667|SR|Fee|SecFee|12|840|18/10/2018|Secretarial Fee + Registered Office
622|671|SR|Fee|SecFee|12|840|18/09/2018|Secretarial Fee + Registered Office
623|672|SR|Fee|SecFee|12|840|28/10/2018|Secretarial Fee + Registered Office
625|674|SR|Fee|SecFee|12|840|12/12/2018|Secretarial Fee + Registered Office
630|679|SR|Fee|SecFee|12|840|01/10/2018|Secretarial Fee + Registered Office
631|680|SR|Fee|SecFee|12|840|20/10/2018|Secretarial Fee + Registered Office
647|696|SR|Fee|SecFee|12|840|14/12/2018|Secretarial Fee + Registered Office
655|704|SR|Fee|SecFee|12|840|29/12/2018|Secretarial Fee + Registered Office
314|349|SR|Fee|SecFee|12|840|01/01/2019|Secretarial Fee + Registered Office
605|654|SR|Fee|SecFee|12|840|02/01/2019|Secretarial Fee + Registered Office
628|677|SR|Fee|SecFee|12|840|01/01/2019|Secretarial Fee + Registered Office
225|258|SR|Fee|SecFee|12|840|02/01/2019|Secretarial Fee + Registered Office
256|289|SR|Fee|SecFee|12|840|26/01/2019|Secretarial Fee + Registered Office
441|477|SR|Fee|SecFee|12|840|26/12/2018|Secretarial Fee + Registered Office
634|683|SR|Fee|SecFee|12|840|26/01/2019|Secretarial Fee + Registered Office
125|146|SR|Fee|SecFee|12|840|27/01/2019|Secretarial Fee + Registered Office
355|391|SR|Fee|SecFee|12|840|27/01/2019|Secretarial Fee + Registered Office
423|459|SR|Fee|SecFee|12|840|29/01/2019|Secretarial Fee + Registered Office
669|719|SR|Fee|SecFee|12|840|30/01/2019|Secretarial Fee + Registered Office
7|12|SR|Fee|SecFee|12|840|30/01/2019|Secretarial Fee + Registered Office
657|706|SR|Fee|SecFee|12|840|31/01/2019|Secretarial Fee + Registered Office
497|539|SR|Fee|SecFee|12|840|01/02/2019|Secretarial Fee + Registered Office
697|783|SR|Fee|SecFee|12|840|28/11/2018|Secretarial Fee + Registered Office
72|84|SR|Fee|SecFee|12|840|05/02/2019|Secretarial Fee + Registered Office
334|369|SR|Fee|SecFee|12|840|09/02/2019|Secretarial Fee + Registered Office
246|279|SR|Fee|SecFee|12|840|10/02/2019|Secretarial Fee + Registered Office
535|579|SR|Fee|SecFee|12|840|13/02/2019|Secretarial Fee + Registered Office
700|737|SR|Fee|S15|12|840|01/11/2018|Incorporation
701|734|SR|Fee|S15|12|840|01/11/2018|Incorporation
702|760|SR|Fee|S15|12|840|03/01/2019|Incorporation
703|791|SR|Fee|SecFee|12|840|19/12/2018|Secretarial Fee + Registered Office
704|732|SR|Fee|SecFee|12|840|03/12/2018|Secretarial Fee + Registered Office
711|740|SR|Fee|SecFee|12|840|29/12/2018|Secretarial Fee + Registered Office
707|798|SR|Fee|SecFee|12|840|09/01/2019|Secretarial Fee + Registered Office
507|549|SR|Fee|SecFee|12|840|01/03/2019|Secretarial Fee + Registered Office
709|788|SR|Fee|SecFee|12|840|01/03/2019|Secretarial Fee + Registered Office
73|85|SR|Fee|SecFee|12|840|11/02/2019|Secretarial Fee + Registered Office
14|22|SR|Fee|SecFee|12|840|03/02/2016|Secretarial Fee + Registered Office
102|123|SR|Fee|SecFee|12|840|07/03/2019|Secretarial Fee + Registered Office
114|135|SR|Fee|SecFee|12|840|08/03/2019|Secretarial Fee + Registered Office
170|200|SR|Fee|SecFee|12|840|13/01/2019|Secretarial Fee + Registered Office
183|213|SR|Fee|SecFee|12|840|28/02/2019|Secretarial Fee + Registered Office
192|222|SR|Fee|SecFee|12|840|10/03/2019|Secretarial Fee + Registered Office
193|223|SR|Fee|SecFee|12|840|02/03/2019|Secretarial Fee + Registered Office
194|224|SR|Fee|SecFee|12|840|10/03/2019|Secretarial Fee + Registered Office
257|290|SR|Fee|SecFee|12|840|28/02/2019|Secretarial Fee + Registered Office
316|351|SR|Fee|SecFee|12|840|28/02/2019|Secretarial Fee + Registered Office
417|453|SR|Fee|SecFee|12|840|12/03/2019|Secretarial Fee + Registered Office
124|145|SR|Fee|SecFee|12|840|13/04/2016|Secretarial Fee + Registered Office
476|517|SR|Fee|SecFee|12|840|07/03/2019|Secretarial Fee + Registered Office
478|519|SR|Fee|SecFee|12|840|07/03/2019|Secretarial Fee + Registered Office
479|520|SR|Fee|SecFee|12|840|07/03/2019|Secretarial Fee + Registered Office
481|522|SR|Fee|SecFee|12|840|07/03/2019|Secretarial Fee + Registered Office
482|523|SR|Fee|SecFee|12|840|07/03/2019|Secretarial Fee + Registered Office
483|524|SR|Fee|SecFee|12|840|07/03/2019|Secretarial Fee + Registered Office
484|525|SR|Fee|SecFee|12|840|07/03/2019|Secretarial Fee + Registered Office
486|527|SR|Fee|SecFee|12|840|07/03/2019|Secretarial Fee + Registered Office
518|562|SR|Fee|SecFee|12|840|07/03/2019|Secretarial Fee + Registered Office
619|668|SR|Fee|SecFee|12|840|08/03/2019|Secretarial Fee + Registered Office
627|676|SR|Fee|SecFee|12|840|09/01/2019|Secretarial Fee + Registered Office
638|687|SR|Fee|SecFee|12|840|07/03/2019|Secretarial Fee + Registered Office
660|709|SR|Fee|SecFee|12|840|08/03/2019|Secretarial Fee + Registered Office
662|711|SR|Fee|SecFee|12|840|28/02/2019|Secretarial Fee + Registered Office
509|551|SR|Fee|SecFee|12|840|28/12/2018|Secretarial Fee + Registered Office
664|713|SR|Fee|SecFee|12|840|25/12/2018|Secretarial Fee + Registered Office
406|442|SR|Fee|SecFee|12|840|16/06/2017|Secretarial Fee + Registered Office
615|664|SR|Fee|SecFee|12|840|26/01/2017|Secretarial Fee + Registered Office
636|685|SR|Fee|SecFee|12|840|11/07/2015|Secretarial Fee + Registered Office
637|686|SR|Fee|SecFee|12|840|03/01/2019|Secretarial Fee + Registered Office
698|782|SR|Fee|SecFee|12|890.4|12/02/2019|Secretarial Fee + Registered Office
708|776|SR|Fee|SecFee|12|840|05/03/2019|Secretarial Fee + Registered Office
699|739|SR|Fee|SecFee|12|890.4|29/12/2018|Secretarial Fee + Registered Office
705|290|SR|Fee|DR|12|9600|28/02/2019|Nominee Director Fee
706|780|SR|Fee|SecFee|12|840|13/02/2019|Secretarial Fee + Registered Office
710|777|SR|Fee|SecFee|12|840|23/02/2019|Secretarial Fee + Registered Office
712|507|SR|Fee|SecFee|12|840|08/03/2019|Secretarial Fee + Registered Office
713|794|SR|Fee|SecFee|12|840|18/02/2019|Secretarial Fee + Registered Office
714|462|SR|Fee|DR|6|4800|09/09/2018|Nominee Director Fee
715|765|SR|Fee|SecFee|12|840|16/03/2018|Secretarial Fee + Registered Office
717|787|SR|Fee|SecFee|12|840|13/03/2019|Secretarial Fee + Registered Office
310|345|SR|Fee|SecFee|12|840|17/03/2019|Secretarial Fee + Registered Office
716|755|SR|Fee|SecFee|12|840|15/01/2019|Secretarial Fee + Registered Office
718|809|SR|Fee|SecFee|12|840|15/03/2018|Secretarial Fee + Registered Office
385|421|SR|Fee|SecFee|12|840|27/03/2019|Secretarial Fee + Registered Office
719|792|SR|Fee|SecFee|12|840|27/02/2019|Secretarial Fee + Registered Office
721|741|SR|Fee|SecFee|12|840|29/12/2018|Secretarial Fee + Registered Office
684|748|SR|Fee|SecFee|12|840|01/04/2019|Secretarial Fee + Registered Office
722|805|SR|Fee|SecFee|12|840|14/03/2019|Secretarial Fee + Registered Office
723|786|SR|Fee|SecFee|12|840|12/02/2019|Secretarial Fee + Registered Office
725|795|SR|Fee|SecFee|12|840|06/03/2019|Secretarial Fee + Registered Office
726|771|SR|Fee|SecFee|12|840|18/01/2019|Secretarial Fee + Registered Office
727|785|SR|Fee|SecFee|12|840|18/12/2018|Secretarial Fee + Registered Office
720|797|SR|Fee|SecFee|12|840|18/03/2019|Secretarial Fee + Registered Office
728|819|SR|Fee|SecFee|12|840|09/04/2019|Secretarial Fee + Registered Office
729|812|SR|Fee|SecFee|12|890.4|25/04/2018|Secretarial Fee + Registered Office
731|826|SR|Fee|SecFee|12|840|17/01/2019|Secretarial Fee + Registered Office
730|818|SR|Fee|SecFee|12|840|24/04/2019|Secretarial Fee + Registered Office
724|804|SR|Fee|SecFee|12|1200|11/04/2019|Secretarial Fee + Registered Office
732|747|SR|Fee|SecFee|12|840|21/03/2018|Secretarial Fee + Registered Office
733|824|SR|Fee|SecFee|12|840|03/05/2019|Secretarial Fee + Registered Office
734|814|SR|Fee|SecFee|12|840|30/06/2018|Secretarial Fee + Registered Office
735|806|SR|Fee|SecFee|12|840|30/06/2018|Secretarial Fee + Registered Office
736|784|SR|Fee|SecFee|12|840|21/11/2018|Secretarial Fee + Registered Office
737|781|SR|Fee|SecFee|12|840|31/10/2018|Secretarial Fee + Registered Office
738|816|SR|Fee|SecFee|12|840|17/05/2018|Secretarial Fee + Registered Office
