name_id|company_id|name_name|name_effectivedate
1|1|SYMBOLIC EXCEL SDN. BHD. |13/09/1999
5|2|2T RAIL SYSTEM SDN. BHD.|10/10/2006
6|2|10 LINGKUNGAN SDN. BHD.|26/06/2007
7|3|3H TECH SDN.BHD|14/10/2014
8|4|ACE CSR SDN.BHD|02/07/2009
9|4|OPINION TIGER SDN.BHD|02/07/2009
10|4|OPINION TIGER SDN.BHD|02/07/2009
11|4|ACE CSR SDN.BHD|02/09/2013
12|5|ACE CSR SDN.BHD|02/07/2009
13|5|OPINION TIGER SDN.BHD|02/07/2009
14|6|ACE CSR SDN.BHD|02/07/2009
15|6|OPINION TIGER SDN.BHD|02/07/2009
16|7|OPINION TIGER SDN.BHD|02/07/2009
17|7|ACE CSR SDN.BHD|02/09/2013
18|8|ACH DESIGN SDN.BHD|29/10/2013
19|9|ACRO ASCENT ENGINEERING SDN.BHD.|03/06/2016
20|10||13/11/2008
21|11|ACRO AVENUE ENGINEERING SDN. BHD.|13/11/2008
22|12|ACRO AVENUE SDN. BHD.|31/01/2008
23|13|AL SAKKAF TRAVEL & TOURS SDN. BHD.|22/10/2004
24|14|SETAREH RESTAURANT SDN.BHD.|22/10/2004
25|14|JAAM-E-JAM HOLIDAY AND TOURS SDN.BHD|06/11/2008
26|14|AL SAKKAF TRAVEL & TOURS SDN. BHD.|26/03/2013
27|15|MERCHANT PIONEER LIMITED|28/07/2016
28|16|MERCHANT PIONEER LIMITED|28/07/2016
29|15|AMPREX INTERNATIONAL LIMITED|18/10/2016
30|17|APURBA TECHNOLOGIES SDN. BHD.|30/05/2012
31|18|APURBA TECHNOLOGIES SDN. BHD.|30/05/2012
32|19|AQUAEFX TECHNIC SDN. BHD.|27/02/2012
33|20|ZINC INTERACTIVE SDN.BHD.|14/05/2012
34|20|ARMOURY VENTURES SDN. BHD.|15/03/2017
35|21|ARVIRICH SDN. BHD.|19/12/2008
36|22|ASKIA SERVICES SDN. BHD.|04/02/2013
37|23|ASPIRE POSITION SDN. BHD.|17/12/1999
38|24|ASTRADEX SDN. BHD.|24/07/2002
39|25|ATA PAINT SDN. BHD.|02/01/2008
40|26|AYU HERBA SDN. BHD.|20/10/2016
41|27|AZMAN ABADI SDN. BHD.|22/09/1999
42|28|BAGUS NIAGA SDN. BHD.|01/04/2008
43|29|BEYOND RESTAURANTS SDN. BHD.|21/11/2012
44|30|BOLD CARRIAGE SDN. BHD.|17/05/1996
45|31|BUSINESSAIMS SDN. BHD.|08/11/2004
46|32|C&G GREEN ENERGY SDN.BHD.|20/01/2012
47|32|C&G PADU SDN.BHD.|20/05/2013
48|33|CABLES & CONTROLS ENGINEERING SDN. BHD.|27/06/2003
49|34|TOPWATER HOLDINGS SDN.BHD|08/10/2009
50|34|CAJUN ASIAN SDN.BHD|05/03/2014
51|35|CCE O&G HOLDINGS SDN. BHD.|10/04/2012
52|36|CCE OIL & GAS (M) SDN. BHD.|26/08/2005
53|37|CCE SAFETY EQUIPMENT (M) SDN. BHD.|19/09/2011
54|38|ELECTRA BROADCAST & COMMUNICATIONS (M) SDN.BHD.|03/03/2005
55|38|CEDAR BROADCAST & COMMUNICATIONS (M) SDN. BHD.|11/04/2005
56|39|CEDAR COMMUNICATIONS (M) SDN. BHD.|02/06/2005
57|40|CENTRAL FORCE INTERNATIONAL SDN. BHD.|05/08/1996
58|41|CENTRAL FORCE SDN. BHD.|25/10/1994
59|42|CHOICE CREATIONS SDN. BHD.|04/04/1997
60|43|CHONG KAIN HUAT HOLDINGS SDN. BHD.|05/08/1996
61|44|CHROME VENTURE SDN. BHD.|10/07/2015
62|45|COMMITCOM SDN. BHD.|28/07/2005
63|46|COMPASSIONATE CAPITAL SDN. BHD.|26/11/2002
64|47|COMPULSORY EVENTS & EXHIBITIONS SDN. BHD.|11/12/2006
65|48|COSMOVATE GROUP SDN. BHD.|13/11/2014
66|49|CREATIVE JUNCTION SDN. BHD.|07/10/1996
67|50|COSTUMES 'N' PARTIES SDN. BHD.|05/04/2000
68|51|CRIMSON EIGHT SDN. BHD.|03/02/1999
69|52|D FORCE SAMPLING SDN. BHD.|15/04/2016
70|53|D&P INNOVATIONS SDN. BHD.|17/11/2016
71|54|D&P PROCESS SERVICES SDN. BHD.|17/01/2012
72|55|DAMANSARA GARDEN CITY SDN. BHD.|26/04/2010
73|56|DELIGHT M & E SDN.BHD.|05/05/2014
74|56|DENAI 23 SDN.BHD.|28/10/2015
75|57|DORSEA PLT|25/07/2013
76|58|DREAM KIDS SDN. BHD.|06/05/2008
77|59|DURIANA INTERNET SDN. BHD.|02/06/2014
78|60|DV AUDIO MALAYSIA SDN. BHD.|20/06/2016
79|61|DV AUDIO MALAYSIA SDN. BHD.|20/06/2016
80|62|E-POWER ENGINEERING SDN. BHD.|13/01/2010
81|63|EASYDO SIGNATURE SDN. BHD.|14/01/2013
82|64|EGM INDUSTRIES SUPPLY SDN. BHD.|24/12/2009
83|65|ELECTRIC ANGELS MSC SDN. BHD.|16/01/1998
84|66|EMA MAJU SDN. BHD.|04/11/2011
85|67|ENE EC AGENCY SABAH SDN. BHD.|02/04/2015
86|68|ENERA COMMUNICATIONS SDN. BHD.|25/05/2004
87|69|ENG GUAN MARKETING SDN. BHD.|23/01/2009
88|70|LAYANG TECHNOLOGIES SDN.BHD.|28/03/2003
89|70|ESOLID SOLUTIONS SDN. BHD.|08/05/2008
90|71|EUROCASH SDN. BHD.|09/04/1997
91|72|EXCEL SOUTHERN ENGINEERING SDN. BHD.|22/08/2000
92|73|EXHIBITION DESIGNERS & BUILDERS SDN. BHD.|06/10/1998
93|73|EXHIBITION DESIGNER & BUILDER SDN. BHD.|28/12/1998
94|74|FABZMAG SDN. BHD.|26/11/2014
95|75|FALCON AGENCY SDN. BHD.|27/10/2014
96|76|IAS GROUP MALAYSIA SDN. BHD.|20/08/2010
97|76|FUSION PAYMENTS MALAYSIA SDN. BHD.|09/11/2015
98|77|FVI SERVICES (M) SDN. BHD.|19/06/2017
99|78|GALAXY ART STUDIO SDN. BHD.|05/11/2002
100|79|GEM SYSTEMS SDN. BHD.|19/11/2014
101|80|GEMILANG THUAN SDN. BHD.|11/10/1997
102|81|GENERON ASIA SDN. BHD.|06/11/2014
103|82|GILDA TRADING SDN. BHD.|31/12/2007
104|83|GLADVIEW DEVELOPMENT SDN. BHD.|23/08/2016
105|84|GNS ASIA SDN. BHD.|06/02/2015
106|85|GOLDEN IMPRESS DEVELOPMENT SDN. BHD.|23/01/2015
107|86|GOOD ANGLE SDN. BHD.|12/06/2013
108|87|GOOD ANGLE SDN. BHD.|12/06/2013
109|88|GOOD ANGLE SDN. BHD.|12/06/2013
110|89|GOOD ANGLE SDN. BHD.|12/06/2013
111|90|GOOD ANGLE SDN. BHD.|12/06/2013
112|91|GOOD ANGLE SDN. BHD.|12/06/2013
113|92|GREATER COMM SDN. BHD.|24/05/2017
114|93|GREATER COMM SDN. BHD.|24/05/2017
115|94|GREATER COMM SDN. BHD.|24/05/2017
116|95|GRIMPS WALLCOVERINGS & CARPETS SDN.BHD.|15/04/1999
117|96|GRIMPS WALLCOVERINGS & CARPETS SDN.BHD.|15/04/1999
118|97|GRIMPS WALLCOVERINGS & CARPETS SDN.BHD.|15/04/1999
119|95|GREEN WATER CARE SDN. BHD.|03/03/2017
120|98|GYNCHU KUALA LUMPUR SDN. BHD.|14/09/2016
123|100|HKS MINERAL RESOURCES SDN. BHD.|24/12/2009
124|101|HUP SOON FOOD INDUSTRY SDN. BHD.|08/01/2010
121|99|HALL CONTRACTING SDN. BHD.|18/10/2013
122|100|REVENUE LINE SDN.BHD.|26/09/2005
125|102|ILHAM HARTANIAGA SDN. BHD.|05/09/2014
126|103|ILLUSION EFFECTS SDN. BHD.|14/12/2006
127|104|JASA MARINE EXPERTISE SDN. BHD.|22/02/2011
128|105|JEJAK PERSONA SDN. BHD.|07/09/2010
129|106|JOYI LINK SDN. BHD.|13/01/1999
130|107|JTMN HOLDINGS SDN. BHD.|20/03/2013
131|108|KAIROS OIL SDN. BHD.|18/10/2012
132|109|KBD MAX ENGINEERING CONSULTANTS SDN. BHD.|02/10/2012
133|110|KHALSA ENTERTAINMENT SDN. BHD.|16/01/2017
134|111|KHAN GROWTH & MARKETING SDN. BHD.|22/01/2001
135|112|KYOWA HEALTHCARE (M) SDN. BHD.|21/09/2011
136|113|SPORTS TOURISM DEVELOPMENT SDN.BHD.|16/09/2003
137|113|LE TOUAREG TRAVEL & TOUR SDN. BHD.|29/07/2010
138|114|LENDINGSTAR MALAYSIA SDN. BHD.|20/10/2014
139|115|LEXAGON ENGINEERING SDN. BHD.|10/08/2005
140|116|LEXIJAYA SDN. BHD.|18/02/2008
141|117|LIVING ACRES SDN. BHD.|14/03/2006
142|118|MA BUILDMART SDN. BHD.|29/04/2016
143|119|MAHA DELIMA HOLDINGS SDN. BHD.|31/08/2007
144|120|MALVALE SDN. BHD.|08/11/2006
145|121|MARIGOLD ACRES SDN. BHD.|25/01/2003
146|122|MARKSCHEFFEL TRAINING SDN. BHD.|08/11/2013
147|123|SELASIH EFEKTIF SDN.BHD|05/01/2012
148|123|MASSARI ASAS SDN. BHD.|25/04/2012
149|124|MATLAMAT ANGGUN SDN. BHD.|18/07/1995
150|125|MAXOP ENERGY SDN. BHD.|19/06/2014
151|126|MEECON ENGINEERING & TRADING SDN. BHD.|28/06/2006
152|127|MEECON EQUIPMENT SDN. BHD.|10/09/2014
153|128|MEECON HEAVY MACHINERY SDN. BHD.|26/11/2010
154|129|MEQAR RESOURCES SDN. BHD.|13/12/1999
155|130|MOTOR JASA ADJUSTERS SDN. BHD.|20/08/1979
156|131|MUTIARA CORPORATION SDN. BHD.|22/02/2007
157|132|DELTA KL GROUP SDN.BHD.|23/09/2010
158|132|MYDORSEA GROUP SDN. BHD.|24/07/2014
159|133|ARDENT HOUSING DEVELOPMENT SDN.BHD.|18/04/2012
160|133|NASSIM DEVELOPMENT SDN. BHD.|01/06/2016
161|134|NATLAY GROUP SDN. BHD.|10/06/2013
162|135|NET COMMUNITY SDN. BHD.|25/10/2000
163|136|NEWFIELDS INVESTMENTS SDN. BHD.|18/05/2010
164|137|NOVA COM HARTA SDN. BHD.|06/04/2011
165|138|NUSA INSPIRASI SDN. BHD.|05/10/2016
166|139|SPECTALINK SDN.BHD.|16/08/1996
167|139|WYNHAM PROPERTY MANAGEMENT CO.SDN.BHD.|09/08/2005
168|139|NEWFIELDS PROPERTY MANAGEMENT SDN. BHD.|29/11/2006
169|140|OCEAN WORKS SDN. BHD.|03/07/2006
170|141|ONE ROOF DESIGN FURNITURE SDN. BHD.|26/04/2013
171|142|ONE ROOF DESIGN SDN. BHD.|01/04/2010
172|143|ONLY DELIGHTS SDN. BHD.|22/11/2007
173|144|OXFORD EDITION SDN. BHD.|04/04/2013
174|145|PACIFIC MAINTENANCE SDN. BHD.|14/04/2005
175|146|PALLADIUM ENGINEERING SDN. BHD.|28/01/2015
176|147|PANORAMA MUTIARA SDN. BHD.|15/04/2011
177|148|PEARL TIME MARKETING SDN. BHD.|22/01/2010
179|149|PEMBINAAN CANGGIH PERKASA SDN. BHD.|30/10/2007
180|150|PEMBINAAN DE BALI SDN. BHD.|14/05/2001
181|151|PEMBINAAN DE BALI SDN. BHD.|14/05/2001
182|152|PEMBINAAN GEMILANG THUAN SDN. BHD.|07/03/2008
183|153|PEOPLE SYSTEMS CONSULTANCY SDN. BHD.|29/11/2007
184|154|POSITIVE UPSTREAM SDN. BHD.|02/05/2017
185|155|PREMIER GREEN SDN. BHD.|16/03/2007
186|156|PRISTINE PRIMAVERA SDN. BHD.|18/02/2015
187|157|PRISTINE PRIMAVERA SDN. BHD.|18/02/2015
188|158|PRATISTA SDN.BHD|24/08/2007
189|159|PRATISTA SDN.BHD|24/08/2007
190|159|PSB RESOURCES SDN. BHD.|28/03/2014
191|160|QUAM VALVOLE SDN. BHD.|08/11/2013
192|161|RDS CATERING SDN. BHD.|09/10/2015
193|162|REGAL OUTLET SDN BHD|26/07/2004
194|163|RETAIL ONE SDN. BHD.|18/08/2006
195|164|SAINTOP DEVELOPMENT SDN. BHD.|24/01/2008
196|165|SAUJANA SETARA SDN. BHD.|16/03/2016
197|166|SCALA BIO INTL SDN. BHD.|22/04/2010
198|167|SEA MOBILE SDN. BHD.|24/03/2014
199|168|SES IT DISTRIBUTION SDN.BHD.|01/04/2010
200|168|SES IT SOLUTIONS SDN. BHD.|04/04/2011
201|169|SOLDERFIELD SYSTEM SDN. BHD.|21/02/2008
202|170|SUMIKAWA SYSTEMS SDN. BHD.|28/05/2015
203|171|S&E HUMAN RESOURCES ADVISORY SDN.BHD.|27/08/2008
204|171|SP ADVANCE SDN. BHD.|01/12/2010
205|172|SALURAN MAYANG SDN. BHD.|12/05/1999
206|173|SUNRISE MEDIA SDN. BHD.|10/04/2003
207|174|SUNRISE MEDIA SDN. BHD.|10/04/2003
208|175|SUNRISE MEDIA SDN. BHD.|10/04/2003
209|176|SUPER MJL BOOM LIFT SDN. BHD.|12/10/2015
210|177|SW HVAC SDN. BHD.|21/02/2014
211|178|SWEET MATRIX SDN. BHD.|30/09/2013
212|179|SWISHHAIR RESOURCES & MANAGEMENT SDN. BHD.|17/12/2014
213|180|TAIHONG MINING SDN. BHD.|02/07/2013
214|181|TECHNISIST SDN. BHD|30/06/2016
215|182|TECHNILON SDN. BHD.|24/09/2004
216|183|TENAGA MAYANG SDN. BHD.|27/02/2015
217|184|TNCENTURY SDN. BHD.|09/10/2008
218|185|TECFORTE SDN. BHD.|04/02/2005
219|186|TEMASEK MAHIR SDN. BHD.|12/04/2004
220|187|SUMIKAWA SDN.BHD.|03/04/2003
221|187|TELEEYE MALAYSIA SDN. BHD.|14/08/2013
222|188|TNSECURE SDN. BHD.|12/02/2007
223|189|TNSYS SDN. BHD.|27/12/2013
224|190|TRISHMAN HOLDING SDN. BHD.|13/08/2009
225|190|TRISHMAN HOLDINGS SDN. BHD.|19/01/2011
226|191|TRUSOS SDN. BHD.|12/12/2007
227|192|UNIVERSAL UNIQUE MANAGEMENT SERVICES SDN. BHD.|26/12/2013
228|193|TUNAS MODAL SDN. BHD.|31/08/2007
229|194|UPRISING MEDIA SDN. BHD.|16/06/2014
230|194|UPRISING ENTERTAINMENT SDN. BHD.|13/01/2015
231|195|VERTOPLAN SOLUTIONS SDN. BHD.|23/10/2014
232|196|VINPAC PLT|26/09/2014
233|197|TRANS NIAGA SDN. BHD.|08/06/1999
234|198|WORTHY MEDIA SDN. BHD.|11/05/2009
235|199|WST CONSTRUCTION SDN. BHD.|26/12/2012
236|200|WIRE FAME ENTERTAINMENT SDN. BHD.|04/01/2011
237|201|WELLNESS CIRCLE SDN. BHD.|17/06/2004
238|202|WMF CRANE SDN. BHD.|19/04/2017
239|203|VM DESIGNS & PROMOTIONS SDN. BHD.|24/01/1996
240|204|A-TEX WORLDWIDE SDN. BHD.|02/12/1997
241|205|ADF FALCON TRADE LINK SDN. BHD.|02/12/2014
242|206|ADVANCE PROMINENT SDN. BHD.|21/05/2001
243|207|ADVANCED SEATING SOLUTIONS SDN. BHD.|24/11/2016
244|208|ADVENTURE CULTURAL TOURS SDN. BHD.|15/05/2015
245|209|ALAM KYMATICA SYNERGY SDN. BHD.|18/02/2015
246|210|ALGORHYTHM (M) SDN. BHD.|12/04/2004
247|211|AO PRODUCTION SDN. BHD.|22/08/2016
248|212|ALIANCE CORPORATION SDN. BHD.|26/11/2007
249|213|AN ACADEMY SDN. BHD.|02/03/2012
250|214|AMAR CARGO & LOGISTIC SDN. BHD.|06/10/2009
251|215|AMAR VENTURES SDN. BHD.|04/11/2016
252|216|ARGENTRA SOLUTIONS SDN. BHD.|04/08/2017
253|217|MIRACLE HEALTHY WATER SDN.BHD.|10/07/2014
254|217|AQUA VITALIS SDN. BHD.|04/08/2015
255|218|AMS PRIMA RESOURCES SDN. BHD.|26/10/2015
256|219|AMAR TRAVEL & TOURS SDN. BHD.|28/07/2004
257|220|ARTAMOTION SDN. BHD.|04/11/2013
258|221|AS WORLD VACATION SDN. BHD.|10/01/2012
259|222|AS1A COMMERCE CHROME SDN. BHD.|11/03/2015
260|223|AS1A STAR ONE CAPITAL SDN. BHD.|03/03/2015
261|224|ASIA PLAYTEC SDN.BHD.|11/03/2015
262|224|AS1A TECHNOLOGY SDN. BHD.|28/04/2016
263|225|AVANTI SETTE SDN. BHD.|04/11/2013
264|226|AXENTEL TECHNOLOGIES SDN. BHD.|27/07/2010
265|227|BEICIP TECHNOLOGY SOLUTIONS ASIA SDN. BHD.|07/07/2014
266|228|BEICIP TECHNOLOGY SOLUTIONS SDN. BHD.|12/06/2013
267|229|BELIMBING RESOURCES SDN. BHD.|30/03/2009
268|230|BAYANGAN DEVELOPMENT SDN. BHD.|30/09/2008
269|231|AWANA POPULAR SDN. BHD.|10/12/2001
270|232|BIG DISCOVERY SDN. BHD.|26/08/2011
271|233|BIG GORILLA GAMES SDN.BHD.|21/01/2014
272|234|BLACK GOLD OILFIELD SERVICES SDN. BHD.|20/06/2014
273|235|BLUE ORANGE RESOURCES SDN. BHD.|06/08/2001
274|236|COMM INDUSTRIES SDN.BHD.|07/11/2007
275|236|BOXLIGHT ASIA SDN. BHD.|02/02/2020
276|237|BOLD MANDATE SDN. BHD.|13/10/1994
277|238|BUILTECH INTERIOR EXTERIOR SDN. BHD.|21/06/1995
278|239|AXIS CONTRACTS SDN. BHD.|17/09/1997
279|240|AXIS CONTRACTS SDN. BHD.|17/09/1997
280|241|AXIS CONTRACTS SDN. BHD.|17/09/1997
281|242|J&S PARADISE SDN. BHD.|07/06/2013
282|243|J&S PARADISE SDN. BHD.|07/06/2013
283|243|BWONDER HOLDING SDN. BHD.|14/08/2017
284|244|MEGATREND DESIGN SDN.BHD.|07/10/2010
285|244|PRIMEDGE SDN.BHD.|22/11/2013
286|244|CALMOAQUA SDN. BHD.|26/08/2015
287|245|CANGKAT MENANG SDN. BHD.|18/07/2016
288|246|CASA PRESTIGE SDN. BHD.|31/12/2009
290|247|CAS TRANSPORT SDN. BHD.|28/03/2008
291|248|BAYANGAN SEPADU SDN. BHD.|03/06/1994
292|249|CENOZAI SDN. BHD.|30/05/2017
293|250|AMBERON SDN. BHD.|02/02/1993
294|251|CASSEROSE AGROFARM SDN. BHD.|06/04/2007
295|252|CAVENZI DESIGN SDN. BHD.|05/01/2004
296|253|SNE EDUCATORS SDN.BHD.|06/05/2008
297|253|TEAKLI SPECIALIST SDN.BHD.|08/09/2008
298|253|CAVENZI FURNITURE OUTLET SDN. BHD.|13/05/2009
299|254|CHARLTON MARTIN CONSULTANTS SDN. BHD.|20/07/2007
300|255|CHEN FAMILY HOLDING SDN. BHD.|12/06/2006
301|256|CL BIZ INTEGRATION SDN. BHD.|30/10/2015
302|257|CIRKOL SDN. BHD.|06/03/2017
303|258|CHILINDO SDN. BHD.|03/01/2017
304|259|DABZEE SDN. BHD.|09/09/2013
305|260|CINE GEAR (M) SDN. BHD.|06/09/2007
306|261|CLICKWORKZ SOLUTIONS SDN. BHD.|06/01/2012
307|262|CHEONG LOONG SEA PRODUCT SDN. BHD.|15/07/1999
308|263|COMMBAX SDN. BHD.|10/12/2003
309|264|COMZ CORPORATION GROUP SDN. BHD.|14/06/2007
310|265|COYUEN SDN. BHD.|28/03/2007
311|266|CORPORATE EYE SDN. BHD.|16/10/1998
312|267|DEKORASI NUSANTARA SDN. BHD.|20/06/2008
313|268|DOWNHOLE PRODUCTS ASIA SDN. BHD.|12/08/2009
314|269|ECRIL RESOURCES SDN. BHD.|28/10/2015
315|270|ECOTRANCH SDN. BHD.|15/07/2016
316|271|DROPIT VENTURES SDN. BHD.|24/08/2015
318|272|EMERY STRATEGIES SDN. BHD.|04/04/2016
319|273|ECOS ATMOSPHERE SDN. BHD.|14/11/2012
320|274|DE ENVISION SIGN SDN. BHD.|14/06/2005
321|275|EAST NET DATA SYSTEM SDN. BHD.|23/07/2004
322|276|ELEGANCE FOOTWEARS SDN. BHD.|28/06/2011
323|277|FAIRLAND TRADING SDN. BHD.|12/05/2014
324|278|OCEANWIDE MANPOWER SERVICES MALAYSIA SDN. BHD.|02/06/2014
325|278|ES PROJECTS SDN. BHD.|06/04/2015
326|279|ESSENTIAL PLASTIC SDN. BHD.|29/10/2013
327|280|ETON CONSULTING SDN. BHD.|03/04/2015
328|281|COMMBOX WORLDWIDE SDN. BHD.|26/09/2003
329|281|COMMPRODUCT HOLDINGS SDN. BHD.|01/08/2006
330|281|COMM INTERNATIONAL SDN. BHD.|10/08/2007
331|281|EOSG INTERNATIONAL SDN. BHD.|08/08/2014
332|282|FISHBONES MST SDN. BHD.|04/12/2014
333|283|FIRST TAMARA SDN. BHD.|17/09/2014
334|284|FAMILY WEALTH VISIONS SDN. BHD.|21/06/2017
335|285|FJC HOLDINGS SDN. BHD.|01/08/2011
336|286|FLEXSERVICE SDN. BHD|13/06/2014
337|287|DELMARCO SDN. BHD.|16/04/1994
338|288|FORELOGIX SDN. BHD.|08/04/2016
339|289|FOREM TRADING SDN. BHD.|25/04/2008
340|290|FREO GROUP MALAYSIA SDN. BHD.|01/03/2017
341|291|FRIDFULL SDN. BHD.|28/01/2015
342|292|FUSION INFOTECH SDN. BHD.|11/01/2017
343|293|FUZIEON CONSTRUCTION HOLDINGS SDN. BHD.|07/09/2015
344|294|GLOBAL I ESSENTIALS RECOVERY SDN. BHD.|01/11/2012
345|295|GLOBAL I EXCEED MANAGEMENT SDN. BHD.|11/01/2012
346|296|GLOBAL ESSENTIAL TRADE BUSINESS SDN. BHD.|01/08/2017
347|297|GLARE GLOBAL ENERGY SDN. BHD.|14/07/2015
348|298|GEGAS MENTARI HOLDINGS SDN. BHD.|13/03/2015
349|299|GEEKYLYTICS SDN. BHD.|17/03/2016
350|300|GARD INC. SDN. BHD.|16/09/2008
351|301|GDBC INFORMATION MALAYSIA SDN. BHD.|30/05/2016
352|302|GLOBAL INTERNATIONAL MIGRATION SDN. BHD.|04/11/2014
353|302|GLOBAL INTERNATIONAL MIGRATION (MM2H) SDN. BHD.|01/12/2014
354|303|GO TOP IT SDN. BHD.|02/03/2015
355|304|AITAGOLD SDN. BHD. |05/07/2011
356|304|GOLDEN MARKETING SOLUTIONS SDN. BHD.|17/05/2016
357|305|GRAINLAND SDN. BHD.|23/08/2016
358|306|AL AMIN ENGINEERING & CONSTRUCTION SDN. BHD.|03/06/2016
359|306|GREEN ASIA ENGINEERING & CONSTRUCTION SDN. BHD.|21/06/2016
360|307|HARBOURINE SDN. BHD.|18/05/2007
361|308|HARTA BITARA DEVELOPMENT SDN. BHD.|13/02/2013
362|309|HEKTAR SELESA SDN. BHD.|22/07/2016
363|310|HARITS INTERIORS SDN. BHD.|05/10/1998
364|311|G.S. PRODUCTIONS SDN. BHD.|28/08/1997
365|312|GALLERIA HARITS SDN. BHD.|13/05/2000
366|313|I GROW MARKETING SDN. BHD.|10/12/2007
367|314|IABSE MALAYSIA BERHAD|08/05/2017
368|315|IDIFYNETZ SDN. BHD.|15/06/2006
369|316|IMPOSSIBLE MARKETING ACADEMY SDN. BHD.|05/03/2015
370|317|HOUSE CALL MEDIC SDN. BHD.|15/07/2015
371|318|HPHT DRILLING SPECIALISTS PLT|09/09/2016
372|319|HUIJI (MALAYSIA) SDN. BHD.|12/08/2010
373|320|HOGO WORLDWIDE TRADING SDN. BHD.|12/03/2013
374|321|HIMMER INDUSTRIAL SERVICES (M) SDN. BHD.|29/04/2016
375|322|HERBA ANGGUN SDN. BHD.|11/01/2010
376|323|HERITAGE MALAYA CRAFT SDN. BHD.|04/10/2016
377|324|HIGHLAND ENERGY PRODUCTS SDN. BHD.|29/09/2004
378|325|INFINITY HOME FIX SDN. BHD.|13/07/2016
379|326|INFOMACY TECHNOLOGY SDN. BHD.|10/03/2006
380|327|GAMA TAKTIK SDN. BHD.|02/12/1994
381|328|GGS SYSTEMS (M) SDN. BHD.|07/09/1995
382|329|INTERMOBILI MALAYSIA SDN. BHD.|02/06/2015
383|330|IPLUS TECHNOLOGIES SDN. BHD.|10/08/2009
384|331|JAG IDEAS (MALAYSIA) SDN. BHD.|08/02/2017
385|332|JY CAPITAL (M) SDN. BHD.|19/08/2011
386|333|INSPIRE APPLICATIONS & SOLUTIONS SDN. BHD.|29/05/2017
387|333|APTUDE TECHNOLOGY SERVICES SDN. BHD.|13/10/2017
388|334|JY COMMERCE SDN. BHD.|30/05/2011
389|335|JY HOLDINGS SDN. BHD.|01/06/2011
390|336|KAWATEC MALAYSIA SDN. BHD.|15/12/2015
391|337|KEJURUTERAAN GANDA USAHA SDN. BHD.|13/11/2013
392|338|LAB WHITE SDN. BHD.|21/04/2016
393|339|LAMAN PRIMAJAYA SDN. BHD.|08/08/2016
394|340|JS DENKI SDN. BHD.|16/09/2004
395|341|JENSATRIA SDN. BHD.|30/10/2003
396|342|LEA HIN CO., (PTE) LTD|14/12/1960
397|343|INDUSTRONICS AUTOMATION SDN. BHD.|06/03/1996
398|343|INFINITE ACQUISITIONS SDN. BHD.|24/07/2013
399|344|LEE KOOI SENG POWER CLEAN SDN. BHD.|12/08/2009
400|345|LUXE INTERIOR SDN. BHD.|18/03/2015
401|346|DAZ GARMENTS ADVOCATES SDN. BHD.|03/02/2016
402|346|LYPSINC SDN. BHD.|06/12/2016
403|347|MADCAPT OIL SERVICES SDN. BHD.|28/09/2015
404|348|MAHFUZ PRODUCTION SDN. BHD.|10/06/2013
405|349|LINS COMMUNICATION SDN. BHD.|15/07/2009
406|350|LOY ONN SDN. BHD.|24/03/2011
407|351|LINS ADVERTISING & MARKETING SDN. BHD.|10/10/1996
408|352|MCINTYRE IT SDN. BHD.|16/08/2016
409|353|MBA CREW SDN. BHD.|04/04/2011
410|354|MAYA AKTIF SDN. BHD.|06/04/2005
411|355|MAJESTIC ODYSSEY SDN. BHD.|28/07/2016
412|356|LONGWIN MANAGEMENT SDN. BHD.|26/09/2012
413|357|MARS2OZ SOLUTIONS SDN. BHD.|02/09/2010
414|358|MAJESTIC ADVISORS SDN. BHD.|21/09/2015
415|359|MAHLIGAI PERKASA SDN. BHD.|28/04/2005
416|360|VIBRANT MEDITERRANEAN SDN. BHD.|17/11/2009
417|360|ME MOBILE SDN. BHD.|12/01/2011
418|361|MN BUSINESS REVOLUTION SDN. BHD.|13/04/2016
419|362|MIZZEON TRANSFORMATION SDN. BHD.|07/09/2015
420|363|SMART TEAM PRODUCTION CONSORTIUM SDN. BHD.|03/09/2003
421|363|GT FARM SDN. BHD.|23/12/2006
422|363|MEDISINA CARE SDN.BHD.|27/05/2014
423|364|MESTIKA WARAS SDN. BHD.|15/03/2012
424|365|MIDDLE EAST WOOD SDN. BHD.|07/04/2008
425|366|MIDDLE EAST WOOD TRADING SDN. BHD.|22/10/2008
426|367|DDI TECHNOLOGY (M) SDN. BHD.|16/06/2004
427|367|MSP SERVICES SDN. BHD.|02/08/2006
428|368|MRT PICTURES SDN. BHD.|12/07/2000
429|369|MEGA UNITED PICTURES SDN. BHD.|24/01/1994
430|370|LONGWIN HOLDINGS SDN. BHD.|23/09/2014
431|371|LONGWIN DEVELOPMENT SDN. BHD.|09/09/1980
432|372|NANT ASIA SDN. BHD.|05/05/2016
433|373|NATUCON MALAYSIA SDN. BHD.|27/07/2015
434|374|MTE GLOBAL SDN. BHD.|30/11/2016
435|375|MULTICORE RESOURCES SDN. BHD.|23/09/2015
436|376|MSP SYSTEMS (M) SDN. BHD.|25/01/2005
437|377|NUMBASE MALAYSIA SDN. BHD.|21/06/2017
438|378|MTM TECHNOLOGY SDN. BHD.|21/06/2011
439|379|MVS MARKETING SDN. BHD.|29/10/2009
440|380|MY GLOBAL ENGINEERING SDN. BHD.|05/01/2009
441|381|NEXUS SYMPHONY SDN. BHD.|09/01/2009
442|381|NEXUS HARDWARE SDN. BHD.|18/04/2011
443|382|TEKNIK ILUSI SDN. BHD.|20/09/2006
444|382|NUMES SDN. BHD.|11/09/2009
445|383|NUMSA AVIATION SDN. BHD.|02/02/2007
446|384|NUR ADP SDN. BHD.|26/11/2012
447|385|PACIFIC BUILDING TECHNOLOGIES SDN. BHD.|23/08/2017
448|386|OLIVESTOUCH TECHNOLOGIES SDN. BHD.|08/05/2015
449|387|ORICSON SDN. BHD.|28/08/2003
450|388|PANTHERA MOTION PICTURES SDN. BHD.|24/09/2014
451|389|PARSA INDUSTRY DEVELOPER SDN. BHD.|21/03/2016
452|390|PIYA DEVELOPMENT (M) SDN. BHD.|27/04/2015
453|391|PLAYTOWN SDN. BHD.|28/01/2016
454|392|POWER CLUB ALLIANCE (M) SDN. BHD.|22/12/2010
455|393|PLATINEX SDN. BHD.|27/03/2001
456|394|PITABERRY SDN. BHD.|05/12/2013
457|395|PERNIAGAAN BERATA ALI SDN. BHD.|20/09/2001
458|396|PARK MASTER SDN. BHD.|14/10/1992
459|397|PRIMO MARKETING SDN. BHD.|03/10/2014
460|398|PRISTINE GATEWAY SDN. BHD.|22/03/2005
461|399|PROBASE HOLDING SDN. BHD.|13/01/2012
462|400|PROVEN SYNERGY SDN. BHD.|28/12/2011
463|401|PROWARA HOLDINGS SDN. BHD.|10/03/2003
464|402|PUSAT TUISYEN MERIDIAN SDN. BHD.|18/02/2011
465|403|QAWII MH RESOURCES SDN. BHD.|17/05/2013
466|404|QIC MALAYSIA SDN. BHD.|16/08/2013
467|405|QNETWORKS SOLUTION SDN. BHD.|26/03/2014
468|406|QUALITRED SDN. BHD.|08/12/2016
469|407|REALPACE SERVICES SDN. BHD.|07/08/2017
470|408|RANCANG INDERA SDN. BHD.|16/02/2012
471|409|REDDISH APPLE EMPIRE MALAYSIA SDN. BHD.|11/06/2014
472|410|REZEKI MUDA SDN. BHD.|17/06/2013
473|411|RIZE ASSOCIATES SDN. BHD.|19/11/2008
474|412|REKA INDUK SDN. BHD.|03/05/2005
475|413|LEGACY COLLECTION SDN. BHD.|29/11/2002
476|413|QUIKFRESH SUPPLY SDN. BHD.|20/10/2010
477|414|SEVENTY GC SDN. BHD.|24/02/2016
478|415|SCUBBI SDN. BHD.|04/11/2016
479|416|SCUBAPLEX SDN. BHD.|14/07/2015
480|417|SCHEARAR CONSULTING SDN. BHD.|19/02/2016
481|418|SAWAHIL GLOBAL PROJECTS (M) SDN. BHD.|22/04/2013
482|419|PRO PICTURES SDN. BHD.|10/03/2003
483|420|SF CONTRACTS SDN. BHD.|06/10/2015
484|421|SHINY PARIS SDN. BHD.|28/03/2017
485|422|SHP RESOURCES SDN. BHD.|10/09/2015
486|423|SILVERFOX HOSPITALITY SDN. BHD.|01/04/2016
487|424|SNASCO HOLDING SDN. BHD.|07/04/2015
488|425|SING HO HENG MEDICAL SDN. BHD.|14/09/2004
489|426|SCAN PLUS CORPORATION SDN. BHD.|31/01/2001
490|427|SOCIAL GROOVES SDN. BHD.|12/07/2013
491|428|SOLUTIONS RESEARCH INTERTECH SDN. BHD.|18/08/2017
492|429|SONGGO TECH SDN. BHD.|23/06/2014
493|430|SONGGORITTY (M) SDN. BHD.|11/11/2009
494|431|SPEC OUTLET RETAIL OPTICAL GROUP SDN. BHD.|25/08/2015
495|432|SPEED COMP DISTRIBUTIONS SDN. BHD.|18/07/2002
496|433|SPICE AFFAIR SDN. BHD.|25/10/2016
497|434|SONICTRON SDN. BHD.|12/04/2004
498|435|SRI STAR MEDICARE SDN. BHD.|26/03/1998
499|436|SEMANGAT NEUTRON SDN. BHD.|21/01/2002
500|437|SAKURA KRISTAL SDN. BHD.|12/05/2003
501|438|SAMWAI AIR-CONDITIONING SDN. BHD.|19/07/1993
502|439|STAR CHART SDN. BHD.|22/11/2007
503|440|SCAN PLUS SDN. BHD.|14/03/1991
504|441|SUPERVET SUPPLY SDN. BHD.|30/07/2015
505|442|STECON SDN. BHD.|21/04/1988
506|443|STEM CELLS HEALTHY AGING (M) SDN. BHD.|29/11/2013
507|444|STUDIO MBABA SDN. BHD.|04/06/2015
508|445|INTER VIRTUAL SDN. BHD.|01/12/2000
509|446|INSTANT CAR RENTAL (M) SDN. BHD.|02/07/2002
510|446|INSTANT CAR RENTAL & TRAVEL SDN. BHD.|10/08/2007
511|447|SUNGLASS & VISIONWORLD SDN.BHD.|17/05/2002
512|448|SWICHTEC POWER SYSTEMS SDN. BHD.|01/03/1996
513|449|SYARIKAT EMERALD ELECTRICAL SDN. BHD.|24/06/2005
514|450|SYMBOLIC EXCEL SDN.  BHD.|13/09/1999
515|451|THIRD EYE ENTERPRISE SDN. BHD.|27/08/2014
516|452|THREE AMBER (M) SDN. BHD.|30/11/2009
517|453|SYARIKAT WING HEONG MEAT PRODUCT SDN. BHD.|03/02/1993
518|453|THIN HEONG MEAT PRODUCT (KL) SDN. BHD.|11/12/2009
519|454|TEROKA SOLARIS SDN. BHD.|11/04/2013
520|455|TEMA BERSAUDARA SDN. BHD.|23/03/2005
521|456|TECHNISYS MARKETING SDN. BHD.|29/03/2010
522|457|SANJUNG SEJIWA SDN. BHD.|25/09/2003
523|458|TECHMESH SDN. BHD.|17/07/1987
524|459|NAKATEN (M) SDN. BHD.|28/02/1995
525|460|THREE LIONS SPORT SDN. BHD.|10/01/2002
526|461|TRINITY HEIGHTS SDN. BHD.|19/07/2006
527|461|TRINITY WORKZ SDN. BHD.|13/07/2017
528|462|UBER MALAYSIA SDN. BHD.|25/06/2013
529|463|UI HARTA EMAS SDN. BHD.|22/05/2015
530|464|TOP PARTNER EXPRESS SDN. BHD.|15/12/2014
531|465|VERTEX AGRO SDN. BHD.|25/10/2016
532|466|VIVATREE SDN. BHD.|16/08/2017
533|467|URIS MAL SDN. BHD.|23/06/2014
534|468|VM PAYMENTS SDN. BHD.|16/01/2017
535|469|PRISTINE GATEWAY ENGINEERING SDN.BHD.|15/03/2013
536|469|UNIONLISM RESOURCES SDN. BHD.|30/03/2017
537|470|PACIFIC PRINT MACH SDN. BHD.|13/10/2005
538|470|ULTRAJET ENGINEERING SDN. BHD.|26/06/2013
539|471|VISUAL WELL SOLUTIONS SDN. BHD.|31/12/2009
540|472|WAN AVANCE SDN. BHD.|22/10/2015
541|473|TIRAI NAGA SDN. BHD.|17/11/1994
542|474|WEIHAI SHANHUA PREMIER CARPETS (M) SDN. BHD.|12/06/2006
543|475|WHETRONMY ELECTRONIC SDN. BHD.|21/09/2016
544|475|WHETRONMY ELECTRONICS SDN. BHD.|15/11/2016
545|476|WISE CHAMPION RESOURCES SDN. BHD.|17/08/2017
546|477|WL WISE TRAVEL CONSULTING SDN. BHD.|27/12/2016
547|478|WMT PROPERTIES & MANAGEMENT SDN. BHD.|02/08/2007
548|479|TELECONSULT (M) SDN. BHD.|07/08/1993
549|480|YATRON ENERGY (MALAYSIA) SDN. BHD.|18/09/2015
550|481|WRX SPINE RESOURCES SDN. BHD.|18/08/2017
551|482|TEKNIK TEKUN SDN. BHD.|15/04/1995
552|483|XCEL WORLD TRADE SDN. BHD.|30/08/2005
553|484|FUANCO SDN. BHD.|15/08/1981
554|484|NOVASAT COMMUNICATIONS SDN. BHD.|24/03/1997
555|485|YOUNG BLOOD BEAUTY PARLOUR SDN. BHD.|23/06/2016
556|486|CRESTCHIC (MALAYSIA) SDN. BHD.|19/07/2007
557|486|YEE TAH MING HOLDINGS SDN. BHD.|19/06/2014
558|487|YOHC PROGRAMS SDN. BHD.|11/05/2011
559|488|YONGHUI MATERIALS & PACKAGING SDN. BHD.|20/09/2002
560|489|TEN REN TRADING SDN. BHD.|14/07/1986
561|490|X'TENT URBAN GROUP SDN.  BHD.|26/09/2002
562|491|SWEE HWA HOLDINGS SDN. BHD.|11/02/1988
563|492|21ST CENTURY SOFTWARE SOLUTIONS SDN. BHD.|18/04/2017
564|493|90INK CHEMISTRY EVENT SDN. BHD.|04/11/2014
565|494|AKADEMI CADDCAM SDN. BHD.|07/07/2000
566|495|AL AMEEN TOYYIBAN SDN. BHD.|21/01/2016
567|496|ALKEN ORIENTAL SDN. BHD.|26/06/1995
568|497|ALTERNATE STUDIOS SDN. BHD.|23/03/2009
569|498|ADSIGNS IMEJ SDN. BHD.|23/06/1997
570|499|YAP KHAY CHEONG BRICKWORKS (SEMENYIH) SDN. BHD.|12/02/1981
571|500|ANSON CENTURY SDN. BHD.|06/12/2010
572|501|APPXQUARE TECHNOLOGIES SDN. BHD.|27/07/2012
573|502|ARCHCO RIGIDON (M) SDN. BHD.|09/10/2003
574|503|ASI PAYROLL SERVICES SDN. BHD.|25/05/2016
575|504|ASI DATA SDN. BHD.|26/08/1988
576|504|PARAGON OIL & GAS SERVICES SDN. BHD.|07/06/2007
577|504|ASI (MM2H) SDN. BHD.|27/02/2008
578|505|AYUL INTERNATIONAL SDN. BHD.|17/04/2013
579|506|B. I. PACKAGING SUPPLY SDN. BHD.|01/10/2003
580|507|ASI MANAGEMENT SERVICES SDN. BHD.|24/02/2003
581|508|AURA RECO ELECTRICAL SDN. BHD.|12/11/2012
582|509|ASI AGENCY SDN. BHD.|03/11/1993
583|510|BANANA LABS SDN. BHD.|16/10/2013
584|511|BASHEER GRAPHIC BOOKS SDN. BHD.|07/09/1995
585|512|BEEJAQ SDN. BHD.|08/11/2010
587|514|BIFORST HOLDING SDN. BHD.|06/02/2006
589|515|BIFORST LOGISTICS SDN. BHD.|20/11/2003
594|519|BIFORST SECURITY SDN. BHD.|19/10/2016
595|520|BIFORST TECHNOLOGY SDN. BHD.|12/05/2005
597|521|BIFORST TELECOMMUNICATIONS SDN. BHD.|19/08/2016
598|522|BIFORST AGENCIES SDN. BHD.|11/10/2005
599|523|BIFORST DISTRIBUTIONS SDN. BHD.|30/04/2005
600|524|BIFORST PENANG SDN. BHD.|17/02/2005
602|524|BIFORST HEALTHCARE SDN. BHD.|31/01/2017
603|525|BIFORST MALAYSIA SDN. BHD.|23/10/2004
608|528|BUMI CAPITAL EQUITY SDN. BHD.|26/10/2015
610|529|AXA CABLING SDN. BHD.|11/06/1996
611|530|AUTOLEGAL SERVICES (M) SDN. BHD.|12/10/1996
612|531|AUTOLEGAL (M) SDN. BHD.|07/04/1995
613|532|ASI SECRETARIAL SERVICES SDN. BHD.|14/04/1995
586|513|ASI CONSULTING SDN. BHD.|10/04/1995
588|514|BIFORST HOLDINGS SDN. BHD.|16/05/2006
590|516|BIFORST PLANTATION SDN. BHD.|15/03/2007
591|517|BIFORST PRINTING SDN. BHD.|17/05/2006
592|518|BIFORST PROPERTIES SDN. BHD.|03/04/2008
593|519|BIFORST JOHOR BAHRU SDN. BHD.|15/03/2007
596|521|SOFTEC SDN. BHD.|14/05/2009
601|524|BIFORST SYNERGY SDN. BHD.|01/04/2011
604|525|BIG FLEET SDN. BHD.|19/05/2014
605|526|BRAMS & BROTHERS SDN. BHD.|18/06/2014
606|527|BUMI ASIA AUTO SDN. BHD.|25/01/2008
607|528|BIFORST RESOURCES SDN. BHD.|30/04/2005
609|528|BUMI CAPITAL RESOURCES SDN. BHD.|18/05/2017
614|533|CASA DINAMIK SDN. BHD.|19/04/2004
615|533|CASA DINAMIK LOGISTIC & SERVICES SDN. BHD.|31/03/2014
616|534|CHIMERA-TECH SDN. BHD.|13/07/2004
617|535|CHEMCENTRO SDN. BHD.|02/11/1999
618|536|CINEMA ONLINE SDN. BHD.|21/09/2000
619|537|CONVERGING KNOWLEDGE SDN. BHD.|24/12/2010
620|538|DIGITAL FRAMEWORK SDN. BHD.|05/04/2013
621|538|CUSTOMER CONNECT MALAYSIA SDN. BHD.|23/05/2013
622|539|DESIGN REVIEW SDN. BHD.|27/04/2001
623|540|DEEN CONSTRUCTION SDN. BHD.|05/02/2008
624|541|CXRUS SOLUTIONS SDN. BHD.|20/09/2010
625|542|DANCORP SDN. BHD.|14/05/2009
626|543|DAYA MAXFLO SDN. BHD.|21/02/2005
627|544|D'MAQ MALAYSIA SDN. BHD.|29/09/2003
628|545|TULINASIA INDUSTRIES SDN. BHD.|24/06/1996
630|545|DAYANG TRICYCLE (M) SDN. BHD.|11/11/2005
631|546|DU VIET SDN. BHD.|01/07/2011
632|547|CADDCAM SERVICES SDN. BHD.|23/08/1997
634|548|EB SMARTSOLUTIONS SDN. BHD.|20/04/2017
635|549|ECOVERSE SDN. BHD.|02/03/2017
636|550|ELC RAIL SDN. BHD.|15/09/2015
637|551|ES SURIA SDN. BHD.|29/12/2015
638|552|PACKET SYSTEMS (MALAYSIA) SDN. BHD.|22/01/2003
639|552|DMX PACKET (MALAYSIA) SDN. BHD.|14/03/2012
640|553|DYNABRO ENGINEERING SDN. BHD.|05/02/2004
641|554|EANGGAR SOLUTIONS SDN. BHD.|29/11/2007
642|555|EROS ENGINEERING SDN. BHD.|23/12/2015
643|556|EAST LINK CONSULTING (M) SDN. BHD.|06/07/2004
644|557|ENDORSED DISTRIBUTION & ENGINEERING SDN. BHD.|26/08/2002
645|558|ELDERAAN TECHNOLOGIES SDN. BHD.|04/05/1996
646|559|EMPIRE SCOPE SDN. BHD.|08/01/1994
647|560|ASI TAXATION SDN. BHD.|25/09/1995
648|561|ASI SERVICES SDN. BHD.|02/02/1991
649|562|BIFORST MARKETING SDN. BHD.|01/11/2007
650|562|TWELVEHUNDRED SDN. BHD.|24/05/2011
651|562|EV STATION SDN. BHD.|13/03/2017
652|563|EXCELLENT MANAGEMENT SOLUTIONS SDN. BHD.|13/10/2003
653|564|ALTERSENCE TRAVEL AND TOURS SDN. BHD.|31/12/2014
654|564|FASTWAY FACILITIES SDN. BHD.|16/08/2017
655|565|FLXR HOLDINGS SDN. BHD.|21/02/2014
656|566|FZ ENERGY STORAGE SYSTEMS SDN. BHD.|11/08/2016
657|567|FINESSE ELEGANCE SDN. BHD.|27/07/2006
658|568|GEO-KOSMO PROGRESIF SDN. BHD.|25/09/2003
659|569|GLAMREKA SDN.BHD.|26/08/2011
660|570|GLAMWEDDINGS SDN. BHD.|23/12/2011
661|571|GRAND CHEF SDN. BHD.|14/06/2004
662|572|GX EMPIRE SDN. BHD.|23/02/2016
663|573|HALLMARK ACCESS SDN. BHD.|18/10/2010
664|574|HE SHEN MALAYSIA SDN. BHD.|06/07/2009
665|575|HEALTHCARE MEDICAL LABORATORIES (M) SDN. BHD.|27/07/1996
666|575|HEALTHCARE IMAGING SERVICES SDN. BHD.|14/03/2013
667|576|IFNA WORLD SDN. BHD.|16/03/2005
668|577|IDG INTERNATIONAL DESIGN GROUP SDN. BHD.|18/02/2005
669|578|HEALTHCARE MEDICAL CENTRE SDN. BHD.|24/09/1996
670|579|HR OPTIMA (M) SDN. BHD.|29/06/2004
671|580|EKOLOGICS SDN. BHD.|18/04/2008
672|580|SCOPE MANAGEMENT SDN. BHD.|20/04/2011
673|580|HUMANINC SDN. BHD.|25/02/2016
674|581|PURE POMEGRANATE SDN. BHD.|15/07/2005
675|581|CELEBRATING THINKERS SDN. BHD.|14/02/2007
676|582|SPORTBUSINESS UNLIMITED SDN. BHD.|29/09/2003
677|582|JB CAPS APPARELS SDN. BHD.|27/07/2007
678|583|JINTAN MANIS CAFE SDN. BHD.|02/06/1999
679|584|KARAK MARINE SUPPLIES SDN. BHD.|08/05/2015
680|585|KASK CONSULTING SDN. BHD.|01/10/2007
681|586|KASK HOLDINGS SDN. BHD.|05/03/2007
682|587|KASK PEOPLE-SKILLS SDN. BHD.|06/08/2008
683|588|KASK ORGANIZATION DEVELOPMENT SDN. BHD.|15/05/2009
684|588|KASK-SERVICES SDN. BHD.|15/06/2009
685|589|KBI ENGINEERING & SERVICES SDN. BHD.|23/02/2017
686|590|KC PRINTERS SDN. BHD.|30/01/1997
687|590|KHAIRI HOLDINGS SDN. BHD.|05/07/2010
688|590|KC ARCHITECTS ENGINEERS SDN. BHD.|25/04/2013
689|591|KHAIRI CONSULT SDN. BHD.|03/04/1998
690|592|KONFIDENCE BABIES AND KIDS SDN. BHD.|01/09/2009
691|593|L&E SAFETY CONSULTING SDN. BHD.|05/04/2017
692|594|LARA NOUR HOLDINGS SDN. BHD.|20/02/2017
693|595|LEAP ENERGY PARTNERS SDN. BHD.|08/05/2008
694|596|LEAP ENERGY TECHNOLOGY VENTURES SDN. BHD.|04/05/2010
695|597|LEED HOME BUILDING TECHNOLOGY (MALAYSIA) SDN. BHD.|29/03/2017
696|597|LF BUILDING TECHNOLOGY (M) SDN. BHD.|07/06/2017
697|598|BLUE APPLE TECHNOLOGY SDN. BHD.|17/01/2008
698|598|LIGHTNING TOTAL SOLUTION SDN. BHD.|23/12/2009
699|599|LITTLE PENANG CAFE AT ATRIA SDN. BHD.|20/10/2014
700|600|LITTLE PENANG CAFE TOO SDN. BHD.|12/09/2005
701|601|LITTLE PENANG SUNDRIES SDN. BHD.|09/10/2012
702|602|MADAC SDN. BHD.|19/09/2011
703|603|MALAYA UNITED FILMS & ENTERTAINMENT SDN. BHD.|01/04/2013
704|604|MATCOR TECHNOLOGY & SERVICES (M) SDN. BHD.|21/08/2014
705|605|LITTLE PENANG CAFE SDN. BHD.|02/06/1999
706|606|MANDIRI INTERNATIONAL REMITTANCE SDN. BHD.|17/03/2009
707|607|MAS MAKAN SDN. BHD.|20/05/2003
708|608|MAYFAIR TECHNOLOGIES SDN. BHD.|09/06/1998
709|609|ISHRAB AND SONS SDN. BERHAD|28/08/1973
710|609|ISHRAB SDN. BHD.|06/07/1982
711|610|J & J MURNI SDN. BHD.|01/10/2015
712|611|JAVA NEWTECH SDN. BHD.|25/03/2010
713|612|MEDINA WEALTH MANAGEMENT (M) SDN. BHD.|22/01/2010
714|613|MEGAVISION VALLEY SDN. BHD.|12/01/2009
715|613|MEGAVISION DELIGHTS SDN. BHD.|17/05/2010
716|614|MESBAH SDN. BHD.|16/03/2007
717|615|MFCITY SDN. BHD.|19/09/2014
718|616|MIASS SERVICES SDN. BHD.|20/09/2004
720|618|MO STUDIOS SDN. BHD.|05/09/2017
721|619|ADVANCED SPORTS MANAGEMENT SDN. BHD.|26/09/2007
723|620|MURGHNI BUILDERS SDN. BHD.|05/05/2016
724|621|MURGHNI EXPRESS FORWARDING & TRANSPORTATION SDN. BHD.|20/03/2015
725|622|NELYZ COUTURE SDN. BHD.|23/06/2015
727|624|INTERSOFTKK (M) SDN. BHD.|22/03/2016
728|625|IP SKILL BUILDERS SDN. BHD.|15/09/2003
729|626|NEXSTREAM SDN. BHD.|09/05/2006
730|627|NEXT OIL SDN. BHD.|15/11/2013
731|628|P PEREIRA STABLES SDN. BHD.|12/03/2012
732|629|NEXTNGIN SDN. BHD.|08/01/2014
734|630|NOBLE PLAN SDN. BHD.|14/10/2011
735|631|ORIENT VECTOR SDN. BHD.|25/05/2004
719|617|MINDORDER SDN. BHD.|11/04/2014
722|619|MOCHA SYSTEMS SDN. BHD.|04/11/2009
726|623|INAS RESOURCES SDN. BHD.|06/08/2012
733|630|BLOOMING DAY SDN. BHD.|28/12/2007
736|632|PADDY SCHUBERT CONSULTANTS SDN. BHD.|16/08/2005
737|633|CHANNEL SHIPYARD ENGINEERING SDN. BHD.|19/03/1992
738|634|AEKA CORPORATION (M) SDN. BHD.|13/08/1985
739|635|PENDRAGON AUTO SDN. BHD.|12/05/2010
740|636|BIFORST PRODUCTIONS SDN. BHD.|29/06/2007
741|636|SOFTEC ONE SDN. BHD.|18/04/2011
742|636|PERTIWI DUNIA SDN. BHD.|13/10/2015
743|637|PERUNDING ZNA SDN. BHD.|02/10/1995
744|637|PERUNDING ZNA (M) SDN. BHD.|28/09/2007
745|638|PM PIPING (M) SDN. BHD.|11/09/2013
746|639|PLATINUM GESTURE TRAVEL & TOURS SDN. BHD.|26/09/2001
747|640|PONEY ASSET SDN. BHD.|06/03/2012
748|641|PAR SYNERGY (M) SDN. BHD.|24/01/1995
749|642|PERTHPAL LEARNING PARTNERS SDN. BHD.|24/02/2017
750|643|PANGLANG PROPERTIES SDN. BHD.|27/02/1995
751|644|PRESTIGE CHAPTER SDN. BHD.|17/10/2006
752|645|RA PUNCAK GEMILANG RESOURCES SDN. BHD.|05/01/2017
753|646|RAUDHAH GLOBAL SDN. BHD,|05/10/2006
754|647|PRISTINE DENTAL CENTRE SDN. BHD.|10/08/1999
755|648|PRISTINE DENTAL MEGAMALL SDN. BHD.|05/12/2003
756|649|PONEY HOLDINGS SDN. BHD.|03/01/2012
757|650|PONEY HOLDINGS SDN. BHD.|03/01/2012
758|651|PONEY HOLDINGS SDN. BHD.|03/01/2012
759|652|PONEY HOLDINGS SDN. BHD.|03/01/2012
760|653|PONEY INTERNATIONAL SDN. BHD.|17/12/2010
761|654|PONEY RESOURCES SDN. BHD.|03/01/2012
762|655|PREFERRED HARVEST SDN. BHD.|15/04/2011
763|656|PREMIER ASCENT SDN. BHD.|31/01/2013
764|657|PONEY GARMENTS SDN. BHD.|10/03/1993
765|658|RI MAISON SDN. BHD.|17/11/2015
766|658|RI MAISON DECOZON SDN. BHD.|06/01/2016
767|659|RIZALMAN IBRAHIM COUTURE SDN. BHD.|26/06/2002
768|660|SAG INTERNATIONAL SDN. BHD.|07/01/2014
769|661|SCOPES SDN. BHD.|11/09/2007
770|661|SCOPE GROUP SDN. BHD.|30/07/2010
771|661|MISSION & COADVISORS SDN. BHD.|08/09/2017
772|662|SCREEN WORKS INTERNATIONAL SDN. BHD.|06/03/2008
773|663|SCY CONSULTANTS SDN. BHD.|22/11/2011
774|664|SEDAGHAT BROTHERS SDN. BHD.|27/01/2010
775|665|SEIMEI ENGINEERING (M) SDN. BHD.|10/04/2012
776|666|SHAVENZI SDN. BHD.|29/07/2010
777|667|SLT ASIA SDN. BHD.|31/07/2007
778|668|SMART XS CONSULTANT SDN. BHD.|18/10/2001
779|669|SOLAZ ENERGY INDUSTRIES SDN. BHD.|26/03/2010
780|670|SONICK ENERGY MALAYSIA SDN. BHD.|18/04/2013
781|671|SYNERRV SDN. BHD.|19/09/2011
782|672|MODULAR PRESENCE SDN. BHD.|28/10/2002
783|672|STADTHOUSE PLANTATIONS SDN. BHD.|15/08/2011
784|673|T4 TECHNOLOGY SDN. BHD.|20/06/2006
785|674|TECHNOTRAIN TRADE SDN. BHD.|13/12/2016
786|675|TC ACOUSTIC SDN. BHD.|27/05/2014
788|676|THE BAKERY SRI HARTAMAS SDN. BHD.|10/01/2012
789|677|SELF MASTERY LEARNING CENTRE SDN. BHD.|05/02/2003
790|678|STADTHOUSE ENTERPRISE SDN. BHD.|25/02/1997
791|679|SWIFT-PAX SDN. BHD.|11/03/2003
792|680|SYMPHONY OIL & GAS SERVICES SDN. BHD.|24/05/2007
793|680|SYMPHONY ILLUMINATES SDN. BHD.|30/10/2008
794|681|TASTE OF SAIGON SDN. BHD.|29/05/2001
795|682|YASH TECHNOLOGIES SDN. BHD.|12/02/2015
796|683|YSV ANAESTHETIC SERVICES SDN. BHD.|27/02/2009
797|684|ZNAME GROUP SDN. BHD.|21/11/2016
798|685|UNIVERSAL WISDOM SDN. BHD.|12/07/2011
799|686|ZOOKEEPER MEDIA SDN. BHD.|04/01/2013
800|687|BIFORST FORWARDING SDN. BHD.|25/10/2007
801|687|YUTAKA KAIZEN SDN. BHD.|01/12/2014
802|688|ZAIRNAS SDN. BHD.|21/01/2011
803|689|TMF SYSTEMS SOLUTION SDN. BHD.|11/08/1998
804|690|TRANSGLOBAL MARKETING SDN. BHD.|27/12/2002
805|690|TRANSGLOBAL WORLD SDN. BHD.|21/07/2011
806|691|TWIN COW LIVESTOCK SDN. BHD.|09/11/2016
807|692|VCIRCLE ANGEL SDN. BHD.|20/02/2014
808|693|XELTA SDN. BHD.|05/07/2012
809|694|VCIRCLE SDN. BHD.|27/08/2013
810|695|VINTAGE WINES & SPIRITS TRADING SDN. BHD.|17/01/2013
811|696|XELTA MARINE SDN. BHD.|15/12/2011
812|697|ZINKIN ETTINGER SDN. BHD.|18/10/2000
813|698|PRIMA STRATEGIES SDN. BHD.|16/01/1991
814|699|STRENGTH SQUARE (M) SDN. BHD.|27/01/1996
815|700|BINARY GATEWAY SDN. BHD.|05/05/1994
816|700|SYNERGYST SDN. BHD.|25/02/2008
817|701|VARIA NUSATIN SDN.BHD.|31/03/2003
818|701|SECRET FOOD INDUSTRY SDN. BHD.|17/01/2008
819|701|SECRET FOOD INDUSTRIES SDN. BHD.|04/03/2008
820|701|PURRIES INDUSTRIES (M) SDN. BHD.|04/03/2014
821|702|USAE ( MALAYSIA ) SDN. BHD.|19/10/2000
822|703|REACH EASTERN RESOURCES SDN. BHD.|21/03/1997
823|704|CITY ADJUSTERS & INVESTIGATORS SDN. BHD.|30/03/1982
824|705|PDM INTERNATIONAL SDN. BHD.|27/01/2000
825|706|AZAM ASSETS SDN. BHD.|14/08/1997
826|707|FLOBRIGHT ADVERTISING SDN. BHD.|26/10/1993
827|708|FRESHIE (M) SDN. BHD.|10/08/1982
828|709|Y. E. G. CORP. SDN. BHD.|05/01/1981
829|710|FORWARD SUPPLIES SDN. BHD.|20/09/1975
830|711|PAOLICIA ENTERTAINMENT SDN. BHD.|22/06/1983
831|712|YAP KHAY CHEONG BRICKWORKS (CHERAS) SDN. BHD.|12/02/1981
832|713|NUMSA SDN. BHD.|26/12/2001
833|714|GRANDSTAR IDEA SDN. BHD.|23/10/2015
834|715|NUR ADP TECH SDN. BHD.|11/04/2013
835|716|PARSA INDUSTRY DEVELOPER SDN. BHD.|21/03/2016
836|717|TRANSFERFRIEND MALAYSIA SDN. BHD.|15/05/2014
837|718|TRANZ-I TECHNOLOGY (M) SDN. BHD.|30/05/2006
838|719|ZHANYI SDN. BHD.|12/07/1999
839|720|AGENSI PEKERJAAN INDAH BUMI SDN. BHD.|23/11/2012
840|721|AGENSI PEKERJAAN KASK CAREERS SDN. BHD.|17/10/2006
841|722|IMPACT HUB KL SDN. BHD.|08/04/2014
842|723|INDAH BUMI MAKMUR SDN. BHD.|29/09/2009
843|723|INDAH BUMI FROZEN SDN. BHD.|28/03/2017
844|724|INFINDO TECHNOLOGY SDN. BHD.|30/03/2005
845|725|PERUNDING ZNA (ASIA) SDN. BHD.|04/09/2009
846|726|HIGH VALLEY CONTRACT MANUFACTURING (GMP) SDN. BHD.|06/08/1996
847|727|CASHLOTUS (M) SDN. BHD.|20/02/1997
848|728|MD MOTORCYCLE REPAIR SDN. BHD.|29/11/2017
849|729|ERICH INTERNATIONAL GROUP SDN. BHD. |15/09/2017
850|730|MD MOTORCYCLE REPAIR SDN.BHD.|29/11/2017
851|731|STRAITS ONLINE RETAIL SDN. BHD.|06/12/2017
852|732|LUCKY STAR 9 SDN. BHD.|04/12/2017
853|733|TESORO VENTURES SDN. BHD.|16/11/2017
854|734|AC COSMETICS LAB SDN. BHD.|02/11/2017
855|735|NFE GLOBAL SERVICES SDN. BHD.|27/11/2017
856|736|MIDSUMMER EVENTS SDN. BHD. |06/11/2017
857|737|MARC ASIA GLOBAL SDN. BHD.|02/11/2017
858|465|KEMUNCAK AGRO SDN. BHD.|21/12/2017
859|738|BIKE O MALAYSIA SDN. BHD.|22/12/2017
860|739|ZETAL HOLDINGS SDN. BHD.|15/02/2007
862|741|HIGH VALLEY ESTATES & PLANTATIONS SDN. BHD.|25/10/2011
863|742|SALUR KUASA SDN. BHD.|24/02/2003
864|743|SALUR KUASA SDN. BHD.|24/02/2003
865|744|SALUR KUASA SDN. BHD.|24/02/2003
866|745|ETON MESS SDN. BHD.|12/02/2015
867|746|TERESA CHEW INTERNATIONAL (M) SDN. BHD.|07/02/2006
868|747|OASIS PEARL SDN. BHD.|09/01/2007
869|748|PERMABONN SDN. BHD.|26/02/1986
870|749|POWERTREK SDN. BHD.|29/02/2016
871|750|POWERTREK SDN. BHD.|29/02/2016
872|751|VERVX MALAYSIA SDN. BHD.|21/09/2017
873|752|HAUS MAKINA SANAYI TICARET A.S.|03/04/2017
874|753|KEJORA POSITIF SDN. BHD.|03/08/2017
875|754|MISSION & COVENTURES SDN. BHD.|08/09/2017
877|756|BEAU DE WAAL SDN. BHD.|03/01/2018
878|757|BEAU DE WAAL SDN. BHD.|03/01/2018
879|758|BEAU DE WAAL SDN. BHD.|03/01/2018
880|759|BEAU DE WAAL SDN. BHD.|03/01/2018
881|760|SA FOOD PARADISE CONCEPTS SDN. BHD.|06/12/2017
882|761|WRAPPS SDN. BHD.|05/05/2017
883|762||14/05/2012
884|763|ARMOURY VENTURES SDN. BHD.|14/05/2012
885|764|ALPHONIC TECHNOLOGY SDN. BHD.|08/09/2017
886|765|LAN BO WAN HOT POT MEE TARIK RESTAURANT SDN. BHD.|28/11/2017
887|766|AUDREY CONCEPTS SDN. BHD.|12/09/2017
888|767|CREOVASION SDN. BHD.|30/10/2017
889|768|LZ BUILDING TECHNOLOGY (M) SDN. BHD.|02/10/2017
890|769|VIVA ARTWORKS (M) SDN. BHD.|27/09/2017
891|770|STUDIO VOLO SDN. BHD. |09/01/2018
893|772|SN2F DEVELOPMENT SDN. BHD. |14/11/2017
894|773|ORIENTAL AGILITY SDN. BHD. |24/11/2017
895|774|WONDER WORKS CONSTRUCTION SDN. BHD.|19/08/2015
896|775||02/02/2020
899|778|DB RAIL ENGINEERING & CONSULTING GMBH|29/09/2017
901|779|MUTIARA DEVELOPMENT SDN. BHD. |10/03/2015
903|781|JANACAP SDN. BHD.|23/06/2014
904|782|SALURAN SALAM SDN. BHD.|03/08/2017
905|783|ZESSPRO SOLUTION SDN. BHD. |29/11/2017
906|784|GOOD DISCOVERY SDN. BHD.|18/09/2015
908|785|ALSAGGAF TRADING SDN. BHD.|19/12/2017
913|786|SPERARE CONSULTING SDN. BHD. |13/02/2018
915|789|AMPREX INTERNATIONAL SDN. BHD.|12/11/2004
916|776|SPARTAN ADVANCED TRAINING SDN. BHD. |19/01/2018
917|790|CASHLOTUS MUTIARA SDN. BHD. |15/02/2018
918|791|TRANZ-I RESOURCES SDN. BHD.|20/12/2017
919|777|SINERGI ASPIRASI GLOBAL SDN. BHD.|23/02/2018
921|793|MSN LABS SDN. BHD.|02/02/2020
922|794|LUNAJAYA SDN. BHD.|19/02/2018
924|796|COUNTER RISK CONSULTANCY MALAYSIA SDN. BHD.|04/07/2017
926|798|CANGGIH INTEGRITI JAYA SDN. BHD. |29/03/2017
927|788|MEECON LOGISTIC SDN. BHD.|02/03/2018
928|799|MINOSO INNOVATION SDN. BHD. |01/01/2017
929|800|SPARTAN SHIPCARE SDN. BHD.|29/09/2017
930|740|JADI BAKING & CULINARY SDN. BHD.|29/12/2017
931|801|DIGITAL PLANT SPECIALISTS SDN. BHD.|06/03/2018
932|802|LOW YUSHUO|01/01/2017
933|803|KAIROS BUSINESS SUITES SDN. BHD.|22/11/2017
936|806|TOTALIFE (M) SDN. BHD. |24/05/1994
937|807|GK CONSULTANCY SDN. BHD.|19/09/2017
938|808|V. PANJACHARAM & SONS HOLDINGS SDN. BHD.|15/04/1985
939|809|HR MACHINERY SDN. BHD.|09/03/2018
940|787|NU UPTEMPO SDN. BHD.|13/03/2018
941|780|V PRO INDUSTRIAL SUPPLIES SDN. BHD.|14/02/2018
942|810|E-POWER SERVICES SDN. BHD.|02/05/2006
943|755|BEAU DE WAAL SDN. BHD.|16/01/2018
944|811|ALMAGA SDN. BHD.|03/03/2030
947|813|PERIKATAN ASIA SDN. BHD.|14/01/2004
948|814|ESSENTIAL IMAGE SDN. BHD. |28/08/1993
949|792|TURKISH MARKETING SDN. BHD.|28/02/2018
951|815|SK INFORMATION ENGINEERING SERVICES SDN. BHD.|19/01/2015
952|797|CHUCHINA KITCHEN SDN. BHD.|19/03/2018
954|817|THREE60 ENGINEERING SDN. BHD. |01/01/2017
957|805|PINTARGEO SDN. BHD. |15/03/2018
958|819|LNT SYNERGY SDN. BHD.|10/04/2018
959|820|PLANT DESIGN ENGINEERS SDN. BHD.|11/04/2018
960|821|ASIANWIDE MARKETING SDN. BHD.|07/09/2016
961|804|SSO GROUP HOLDINGS BHD.|12/04/2018
962|795|EHRAZ ENGINEERING SDN. BHD.|07/03/2018
963|771|TFMY SERVICES SDN. BHD.|19/01/2018
964|822|PENGERANG INTEGRATED HEALTHCARE SDN. BHD.|23/06/2015
965|823|SOFIALEESYA MARISSA SERVICES SDN. BHD.|02/02/2020
967|812|NEWFIELDS CONSULTING SDN. BHD.|25/04/2018
969|826|SILVER XSTATIC SDN. BHD.|18/01/2018
970|818|HELICON GLOBAL SDN. BHD.|25/04/2018
971|827|FAST & BEST BUSINESS PRODUCTS IMPEX SDN. BHD.|27/10/2016
972|828|TAIYOSHOJI MALAYSIA SDN. BHD.|02/02/2020
973|829|TREASURE BUSINESS GLOBAL SERVICES SDN. BHD.|02/02/2020
974|825|IGENERATION INTERNATIONAL CULTURAL ORGANIZATION SDN. BHD.|30/04/2018
975|830|MACKESSEN SDN. BHD. |02/05/2018
976|824|TREASURE BUSINESS GLOBAL SERVICES SDN. BHD. |04/05/2018
977|831|TECHCROUD SDN. BHD.|16/04/2018
978|832|SBR HOLDING SDN. BHD. |01/01/2017
979|833|BENEFIT ZONE GLOBAL SDN. BHD. |29/08/2017
980|834|EDISI MODAL SDN. BHD. [IN LIQUIDATION]|24/03/2004
981|835|NF PARTNERS SDN. BHD.|01/01/2017
982|816|FIRSTLOOKOUT MARKETING SDN. BHD. |26/04/2018
